Index,User Query,Best Path
0,{'query_id': 'How can one rebuild trust in themselves and others after experiencing a significant personal setback?'},"['Age', 'Health Status', 'Profession', 'Mental Health Status']"
1,{'query_id': 'How can I find free or low-cost mental health resources in my area?'},"['Health Status', 'Emotional State', 'Profession', 'Economic Status']"
2,{'query_id': 'How can I find support groups or networks for people in similar life stages?'},"['Profession', 'Age', 'Mental Health Status', 'Economic Status']"
3,{'query_id': 'How can I approach conversations about past conflicts with someone I care about?'},"['Emotional State', 'Age', 'Marital Status', 'Gender']"
4,{'query_id': 'How can I ensure that my personal and professional goals align with my current priorities?'},"['Emotional State', 'Education Level', 'Economic Status', 'Profession']"
5,"{'query_id': ""How can I ensure I am making decisions that align with both my values and my family's needs?""}","['Education Level', 'Emotional State', 'Age', 'Marital Status']"
6,{'query_id': 'What are effective ways to rebuild my life and self-esteem after a significant personal setback?'},"['Age', 'Marital Status', 'Profession', 'Mental Health Status']"
7,{'query_id': 'How do I communicate effectively with someone who may not understand me anymore?'},"['Age', 'Education Level', 'Mental Health Status', 'Health Status']"
8,{'query_id': 'How can I use my creative skills to raise awareness about personal challenges?'},"['Marital Status', 'Mental Health Status', 'Emotional State', 'Age']"
9,{'query_id': 'How can I balance my personal well-being while caring for others?'},"['Emotional State', 'Profession', 'Marital Status', 'Age']"
10,{'query_id': 'How can I identify if workplace stress is affecting my personal life?'},"['Mental Health Status', 'Profession', 'Age', 'Marital Status']"
11,{'query_id': 'How can I ensure my contributions are recognized in a team setting?'},"['Emotional State', 'Gender', 'Mental Health Status', 'Age']"
12,{'query_id': 'How can I find part-time work opportunities that allow time for education?'},"['Emotional State', 'Economic Status', 'Gender', 'Education Level']"
13,{'query_id': 'How can I maintain a positive mindset when facing challenges at work?'},"['Health Status', 'Profession', 'Economic Status', 'Mental Health Status']"
14,{'query_id': 'How can I maintain a sense of purpose and motivation when facing industry changes?'},"['Education Level', 'Emotional State', 'Health Status', 'Profession']"
15,{'query_id': 'What are the signs that I might need more support in managing stress?'},"['Past Self-Harm History', 'Health Status', 'Profession', 'Emotional State']"
16,{'query_id': 'What should I consider before deciding to go back to school full-time?'},"['Economic Status', 'Past Self-Harm History', 'Profession', 'Age']"
17,{'query_id': 'How can I negotiate better working conditions with my employer?'},"['Economic Status', 'Mental Health Status', 'Marital Status', 'Profession']"
18,{'query_id': 'What are some healthy ways to cope with feelings of betrayal or distrust in personal relationships?'},"['Emotional State', 'Marital Status', 'Mental Health Status', 'Past Self-Harm History']"
19,{'query_id': 'What are some strategies for maintaining a positive outlook during challenging periods?'},"['Economic Status', 'Age', 'Health Status', 'Mental Health Status']"
20,{'query_id': 'What steps can I take to remain physically active and healthy as I age?'},"['Mental Health Status', 'Profession', 'Education Level', 'Age']"
21,{'query_id': 'What are the signs that I should seek professional help for my emotional well-being?'},"['Past Self-Harm History', 'Marital Status', 'Mental Health Status', 'Age']"
22,{'query_id': 'What are some creative ways to strengthen my relationship with my children?'},"['Education Level', 'Age', 'Health Status']"
23,{'query_id': 'What are the warning signs that a personal relationship might be affected by external stressors?'},"['Marital Status', 'Age', 'Economic Status']"
24,{'query_id': 'How can I set boundaries with loved ones to protect my mental health and personal space?'},"['Emotional State', 'Past Self-Harm History', 'Gender', 'Age']"
25,{'query_id': 'What are some resources available for people feeling isolated or alone?'},"['Mental Health Status', 'Marital Status', 'Health Status', 'Emotional State']"
26,{'query_id': 'What are ways to maintain emotional resilience during challenging life transitions?'},"['Emotional State', 'Health Status', 'Profession', 'Mental Health Status']"
27,{'query_id': 'What should I consider when planning for future family events?'},"['Emotional State', 'Health Status', 'Profession', 'Marital Status']"
28,{'query_id': 'What are the best practices for maintaining mental health while working long hours?'},"['Profession', 'Economic Status', 'Mental Health Status', 'Age']"
29,{'query_id': 'What are signs that work stress might be impacting my mental health?'},"['Emotional State', 'Health Status', 'Past Self-Harm History', 'Age']"
30,{'query_id': 'What are effective strategies for managing anxiety related to career changes?'},"['Health Status', 'Emotional State', 'Mental Health Status', 'Age']"
31,{'query_id': 'What should I consider before bringing up concerns about team dynamics in a professional setting?'},"['Age', 'Health Status', 'Mental Health Status', 'Profession']"
32,{'query_id': 'What are some healthy coping mechanisms for dealing with job-related burnout?'},"['Profession', 'Health Status', 'Economic Status', 'Mental Health Status']"
33,{'query_id': 'How can I balance self-care and responsibilities when feeling overwhelmed?'},"['Emotional State', 'Age', 'Profession', 'Health Status']"
34,{'query_id': 'How can I explain a recent layoff in a job interview without sounding negative?'},"['Mental Health Status', 'Age', 'Education Level', 'Profession']"
35,{'query_id': 'What are some steps to take when considering a career change?'},"['Economic Status', 'Profession', 'Health Status', 'Mental Health Status']"
36,"{'query_id': ""What steps can I take to improve my business's competitive edge?""}","['Education Level', 'Mental Health Status', 'Profession', 'Economic Status']"
37,{'query_id': 'What are some ways to maintain work-life balance during stressful times?'},"['Profession', 'Emotional State', 'Mental Health Status', 'Economic Status']"
38,{'query_id': 'What are the best strategies for maintaining a stable income without taking on high risk?'},"['Age', 'Profession', 'Education Level', 'Economic Status']"
39,{'query_id': 'What are some methods to increase resilience in the face of economic challenges?'},"['Mental Health Status', 'Emotional State', 'Education Level', 'Health Status']"
40,{'query_id': 'What are some online platforms for freelance graphic design work that require low initial investment?'},"['Education Level', 'Emotional State', 'Profession', 'Age']"
41,{'query_id': 'How can I improve my focus and productivity during stressful times?'},"['Education Level', 'Emotional State', 'Profession', 'Mental Health Status']"
42,{'query_id': 'What are some tips for maintaining a positive outlook when dealing with personal losses?'},"['Education Level', 'Emotional State', 'Past Self-Harm History', 'Age']"
43,{'query_id': 'What are some practical steps to take when considering refinancing options?'},"['Marital Status', 'Emotional State', 'Mental Health Status', 'Age']"
44,{'query_id': 'How do I prioritize personal goals while maintaining professional responsibilities in a high-stress job?'},"['Emotional State', 'Age', 'Mental Health Status', 'Profession']"
45,{'query_id': 'How can I balance self-care and work obligations effectively?'},"['Health Status', 'Emotional State', 'Economic Status', 'Profession']"
46,{'query_id': 'How can I contribute to my community in a meaningful way during retirement?'},"['Health Status', 'Age', 'Marital Status', 'Economic Status']"
47,{'query_id': 'How can I ensure my emotional needs are met in social situations?'},"['Emotional State', 'Marital Status', 'Gender', 'Age']"
48,{'query_id': 'How can I manage feelings of anxiety and stress without affecting my productivity?'},"['Health Status', 'Education Level', 'Mental Health Status']"
49,{'query_id': 'How do I discuss financial matters with loved ones without escalating tensions?'},"['Emotional State', 'Economic Status', 'Profession', 'Age']"
50,{'query_id': 'What are some practical tips for improving communication with family members during difficult times?'},"['Education Level', 'Health Status', 'Emotional State', 'Age']"
51,{'query_id': 'How can I ensure that my loved ones are cared for if something happens to me?'},"['Emotional State', 'Marital Status', 'Age', 'Economic Status']"
52,{'query_id': 'How do I create a supportive environment for personal growth and healing?'},"['Age', 'Health Status', 'Mental Health Status', 'Emotional State']"
53,{'query_id': 'How can I prepare for major life changes in advance?'},"['Age', 'Mental Health Status', 'Economic Status', 'Marital Status']"
54,{'query_id': 'How can I build resilience to negative feedback in a professional setting?'},"['Emotional State', 'Health Status', 'Past Self-Harm History', 'Profession']"
55,{'query_id': 'How do I handle feeling less competent compared to younger colleagues?'},"['Mental Health Status', 'Education Level', 'Marital Status', 'Age']"
56,{'query_id': 'How can I prepare for job interviews after a long period of unemployment?'},"['Economic Status', 'Emotional State', 'Health Status', 'Mental Health Status']"
57,{'query_id': 'How can I balance learning and productivity as a new team member?'},"['Mental Health Status', 'Education Level', 'Past Self-Harm History', 'Age']"
58,{'query_id': 'How can I ensure my skills remain valuable in the future job market?'},"['Economic Status', 'Education Level', 'Emotional State', 'Profession']"
59,{'query_id': 'What are some creative outlets that can help with processing difficult emotions?'},"['Mental Health Status', 'Past Self-Harm History', 'Profession', 'Age']"
60,{'query_id': 'What are some strategies for staying motivated during a job search?'},"['Mental Health Status', 'Economic Status', 'Emotional State', 'Age']"
61,{'query_id': 'How can I make new friends in a new city without spending much?'},"['Emotional State', 'Profession', 'Mental Health Status', 'Age']"
62,{'query_id': 'How do I handle feelings of inadequacy when competing with larger companies?'},"['Education Level', 'Economic Status', 'Mental Health Status', 'Profession']"
63,{'query_id': 'How can I prepare myself mentally for possible professional challenges?'},"['Health Status', 'Economic Status', 'Emotional State', 'Profession']"
64,{'query_id': 'How do I evaluate whether to hold or sell investments after a market crash?'},"['Age', 'Profession', 'Emotional State', 'Economic Status']"
65,{'query_id': 'How can I build a support network while dealing with financial difficulties?'},"['Emotional State', 'Profession', 'Age', 'Economic Status']"
66,{'query_id': 'How can I create a supportive social network when feeling isolated?'},"['Mental Health Status', 'Marital Status', 'Age', 'Past Self-Harm History']"
67,{'query_id': 'What are some healthy coping mechanisms for dealing with anxiety?'},"['Emotional State', 'Age', 'Past Self-Harm History', 'Health Status']"
68,{'query_id': 'How can I find new sources of inspiration for my design work during difficult times?'},"['Mental Health Status', 'Profession', 'Emotional State', 'Age']"
69,{'query_id': 'How can I identify community resources for financial or emotional support?'},"['Health Status', 'Emotional State', 'Marital Status', 'Mental Health Status']"
70,{'query_id': 'How can I plan for future expenses while dealing with current financial constraints?'},"['Education Level', 'Profession', 'Age', 'Economic Status']"
71,{'query_id': 'How can I improve my mental well-being while managing financial stress?'},"['Emotional State', 'Age', 'Health Status', 'Mental Health Status']"
72,{'query_id': 'How can I cultivate resilience in the face of ongoing challenges?'},"['Profession', 'Economic Status', 'Emotional State', 'Mental Health Status']"
73,{'query_id': 'What are the benefits of joining local community programs for seniors?'},"['Age', 'Economic Status', 'Mental Health Status', 'Health Status']"
74,{'query_id': 'What should I consider before changing careers in my mid-30s?'},"['Economic Status', 'Health Status', 'Emotional State', 'Age']"
75,{'query_id': 'What are some good practices for managing limited resources effectively?'},"['Profession', 'Mental Health Status', 'Health Status', 'Economic Status']"
76,{'query_id': 'How can I navigate career changes in my 40s?'},"['Profession', 'Age', 'Emotional State', 'Gender']"
77,{'query_id': 'What are healthy ways to cope with professional rejection or criticism?'},"['Emotional State', 'Mental Health Status', 'Age', 'Profession']"
78,{'query_id': 'What steps can I take to rebuild trust and credibility in a professional setting?'},"['Age', 'Profession', 'Emotional State', 'Gender']"
79,{'query_id': 'How can I support my mental well-being when facing social challenges?'},"['Past Self-Harm History', 'Age', 'Mental Health Status', 'Emotional State']"
80,{'query_id': 'How can someone manage stress when facing multiple life challenges?'},"['Health Status', 'Emotional State', 'Past Self-Harm History', 'Marital Status']"
81,{'query_id': 'How can meditation or mindfulness practices help with feelings of grief and loss?'},"['Age', 'Mental Health Status', 'Past Self-Harm History']"
82,{'query_id': 'How can I maintain a positive outlook when facing setbacks?'},"['Emotional State', 'Mental Health Status', 'Education Level', 'Health Status']"
83,{'query_id': 'How can I maintain motivation when facing constant challenges?'},"['Mental Health Status', 'Health Status', 'Past Self-Harm History', 'Age']"
84,{'query_id': 'How can I plan a vacation that accommodates physical limitations?'},"['Emotional State', 'Age', 'Economic Status', 'Gender']"
85,{'query_id': 'How can I determine if a change in career might help with personal fulfillment?'},"['Emotional State', 'Age', 'Education Level', 'Profession']"
86,{'query_id': 'What is the best way to find support or a community that understands my current life challenges?'},"['Emotional State', 'Age', 'Marital Status', 'Mental Health Status']"
87,{'query_id': 'What are some affordable hobbies to explore during tough financial times?'},"['Profession', 'Age', 'Health Status', 'Economic Status']"
88,{'query_id': 'What are the best ways to manage feelings of loneliness in later life?'},"['Mental Health Status', 'Age', 'Marital Status', 'Gender']"
89,{'query_id': 'What are some effective strategies for dealing with loneliness?'},"['Marital Status', 'Past Self-Harm History', 'Age', 'Emotional State']"
90,{'query_id': 'What are the best practices for negotiating in high-stress situations?'},"['Economic Status', 'Mental Health Status', 'Emotional State', 'Profession']"
91,{'query_id': 'What should I consider when making important decisions that could impact my family?'},"['Mental Health Status', 'Emotional State', 'Education Level', 'Age']"
92,"{'query_id': ""How do I know if it's time to seek professional help for managing stress and emotional challenges?""}","['Emotional State', 'Past Self-Harm History', 'Marital Status', 'Age']"
93,{'query_id': 'What are some strategies for maintaining mental health in challenging situations?'},"['Mental Health Status', 'Economic Status', 'Profession']"
94,{'query_id': 'What are some techniques for managing feelings of guilt and self-blame?'},"['Past Self-Harm History', 'Age', 'Profession', 'Mental Health Status']"
95,{'query_id': 'What are some effective strategies for managing grief and loss?'},"['Past Self-Harm History', 'Profession', 'Emotional State', 'Age']"
96,{'query_id': 'What are some strategies to cope with feeling undervalued at work?'},"['Mental Health Status', 'Health Status', 'Emotional State', 'Profession']"
97,{'query_id': 'What should I consider before deciding to switch jobs in a stable career?'},"['Profession', 'Economic Status', 'Emotional State', 'Age']"
98,{'query_id': 'What are some mental health resources available for young adults experiencing anxiety?'},"['Age', 'Emotional State', 'Education Level', 'Health Status']"
99,{'query_id': 'What are some techniques for managing stress related to workplace dynamics?'},"['Mental Health Status', 'Health Status', 'Age', 'Profession']"
100,{'query_id': 'What steps can I take to reignite my passion for my work?'},"['Health Status', 'Emotional State', 'Mental Health Status', 'Profession']"
101,"{'query_id': ""How do you know when it's time to let go of a relationship?""}","['Marital Status', 'Mental Health Status', 'Age', 'Past Self-Harm History']"
102,"{'query_id': ""How can I network effectively when I'm new to a professional field?""}","['Profession', 'Economic Status', 'Marital Status', 'Education Level']"
