User Query,Attribute Path,Path Length
Any tips on what I can do to stop people from looking away from me while talking?,"['Emotional State', 'Mental Health Status', 'Age', 'Education Level', 'Health Status']",5
How can I make friends in a new state when I'm exhausted from working 2 jobs?,"['Emotional State', 'Mental Health Status', 'Profession', 'Age']",4
Does anyone have any tips that I could use to maintain better social skills?,"['Emotional State', 'Education Level']",2
"Is there anything I can do to help catch on quicker, or to improve my common sense?","['Education Level', 'Mental Health Status', 'Emotional State']",3
How do I overcome social anxiety of approaching my coursemates?,"['Emotional State', 'Education Level', 'Mental Health Status']",3
What should I choose: move to America for a new life or stay in Brazil to pursue a PhD and become a professor?,"['Education Level', 'Profession', 'Emotional State', 'Economic Status', 'Health Status']",5
Why do I care all of a sudden about being a virgin and wanting a relationship?,"['Emotional State', 'Mental Health Status', 'Past Self-Harm History', 'Marital Status']",4
How can I find my natural voice and stop being self-conscious about it?,"['Emotional State', 'Mental Health Status', 'Education Level']",3
How can adopting a 'yes' mentality improve my life?,['Emotional State'],1
How do you act around people who are +10 years older than you?,"['Age', 'Emotional State', 'Marital Status', 'Education Level', 'Health Status']",5
How can I improve my financial situation and social life?,"['Economic Status', 'Profession', 'Education Level', 'Age']",4
How can I stop feeling lonely and have a birthday where I feel cared for?,"['Emotional State', 'Mental Health Status']",2
How can I feel more valuable and contribute socially on this trip with friends?,"['Emotional State', 'Mental Health Status', 'Profession', 'Marital Status']",4
"Where can I go to refine my social skills with in-person classes, books, and instructors?",['Education Level'],1
How can I improve my social skills as an introvert?,"['Emotional State', 'Education Level', 'Mental Health Status']",3
How can I set myself free from all those negative thoughts about approaching women?,"['Emotional State', 'Mental Health Status', 'Past Self-Harm History', 'Profession']",4
How can I make new friends after moving back home to a town where I know no one?,"['Emotional State', 'Mental Health Status', 'Age', 'Profession']",4
What would be the right way for me to act so I'll learn again to attract people around me and just feel natural around them?,"['Emotional State', 'Mental Health Status', 'Profession', 'Marital Status', 'Age']",5
"How can I overcome my fear of socializing and not freezing up, especially when playing baseball or speaking in class?","['Emotional State', 'Mental Health Status', 'Past Self-Harm History', 'Age']",4
What are some suggestions or tips to become more social?,['Emotional State'],1
How do I meet new people and make friends?,['Emotional State'],1
How can I overcome my inability to build real friendships and feel more socially secure?,"['Emotional State', 'Mental Health Status', 'Past Self-Harm History', 'Age', 'Marital Status']",5
How can I overcome my shyness and improve my social skills to meet people and approach girls?,"['Emotional State', 'Mental Health Status', 'Age', 'Marital Status', 'Education Level']",5
Is there anything I can do to stop feeling intimidated by people easily?,"['Emotional State', 'Mental Health Status', 'Age', 'Profession', 'Past Self-Harm History']",5
"How should I behave on my date at the cinema, and what tips can you give me?","['Emotional State', 'Mental Health Status']",2
How do I handle this type of person?,"['Age', 'Education Level', 'Mental Health Status', 'Emotional State', 'Health Status', 'Profession']",6
How can I improve my friendships with other men without letting my hangups get in the way?,"['Emotional State', 'Past Self-Harm History', 'Mental Health Status', 'Age', 'Profession']",5
How can I make my social skills better for people wanting to spend time with me?,"['Emotional State', 'Profession']",2
Any advice on getting 'me' back?,"['Mental Health Status', 'Past Self-Harm History', 'Emotional State']",3
How should I talk to new people outside of niche communities?,"['Emotional State', 'Age', 'Profession', 'Mental Health Status']",4
How can I enjoy going to night clubs?,"['Age', 'Emotional State', 'Profession', 'Mental Health Status']",4
Does anyone have advice on how to handle being at school alone when I'm struggling with social anxiety and language barriers?,"['Emotional State', 'Mental Health Status']",2
How can I feel less overwhelmed as the new RA and make friends?,"['Emotional State', 'Mental Health Status', 'Profession']",3
What should I do to stay mindful of the progress of relationships in my life?,"['Marital Status', 'Emotional State', 'Mental Health Status']",3
How do I catch up and improve my social maturity?,"['Emotional State', 'Marital Status', 'Age', 'Education Level', 'Profession', 'Mental Health Status']",6
What do I do?,"['Emotional State', 'Mental Health Status', 'Past Self-Harm History', 'Marital Status', 'Age']",5
What tips or advice can you offer to improve socially and form friendships while studying abroad?,['Education Level'],1
"Is there a better alternative to David Carnegie Training that would be affordable to a millennial intern? And if not, where would be the best thing to do to improve my social networking skills?","['Economic Status', 'Profession']",2
What can I do to develop meaningful relationships and improve my social skills as a college student who feels isolated?,"['Education Level', 'Emotional State', 'Marital Status']",3
"How can I cope with feeling awkward and unconfident around others, especially my crush, while going on a group trip abroad?","['Emotional State', 'Mental Health Status']",2
"How can I be more normal in terms of conversation, relationships, music, movies, hobbies, drinking, sports consumption, food, gym, vehicle use, club behavior, politics, everyday habits, and general social interactions?","['Emotional State', 'Mental Health Status']",2
Anything I could do to get over this fear?,"['Emotional State', 'Mental Health Status', 'Past Self-Harm History', 'Age', 'Health Status', 'Profession']",6
How does one introduce yourself to a new school when friend groups are already established?,"['Age', 'Emotional State', 'Profession', 'Education Level', 'Mental Health Status']",5
What do people my age talk about?,"['Emotional State', 'Age', 'Marital Status', 'Profession']",4
"Are there ways to better control, or just completely stop stuttering?","['Health Status', 'Mental Health Status', 'Past Self-Harm History', 'Emotional State', 'Profession', 'Education Level']",6
"How can I come up with a strategy to meet new people and potentially get a girlfriend, considering my social and sensory challenges?","['Emotional State', 'Profession', 'Mental Health Status']",3
How can I be accepted by my coworkers and make genuine friends at work?,"['Emotional State', 'Profession', 'Mental Health Status']",3
Any tips for being less anxious and maybe even saying something to him?,"['Emotional State', 'Mental Health Status']",2
Do you think I'm losing a big part of the awesome life studying can offer?,"['Emotional State', 'Education Level', 'Profession', 'Mental Health Status']",4
How can I branch out and overcome my anxiety to make new friends after losing contact with my best friend?,"['Emotional State', 'Mental Health Status']",2
How can I quickly kickstart my social life when I'm a natural introvert with no social media presence?,"['Age', 'Emotional State', 'Marital Status', 'Profession', 'Mental Health Status', 'Past Self-Harm History', 'Education Level']",7
How can I make genuine friends in college?,"['Age', 'Education Level', 'Profession', 'Emotional State', 'Mental Health Status']",5
What am I missing socially that I need to drastically improve on?,[],0
"What suggestions, tips, or mental exercises can help me improve my social interactions?",['Emotional State'],1
Any advice?,"['Age', 'Emotional State', 'Health Status', 'Profession', 'Past Self-Harm History', 'Mental Health Status']",6
"What are my choices for having a normal social life without drinking, considering my bad experiences with Meetup?","['Past Self-Harm History', 'Emotional State', 'Mental Health Status', 'Age']",4
How can I become a better conversationalist and make friends in my own area?,"['Age', 'Education Level', 'Emotional State', 'Mental Health Status', 'Profession']",5
Anyone else feel the same or similar or am I just super fucking weird?,"['Emotional State', 'Mental Health Status', 'Past Self-Harm History', 'Marital Status', 'Age']",5
Is starting at a new school in another city a good option?,"['Age', 'Emotional State', 'Mental Health Status', 'Profession', 'Education Level']",5
What steps can I take to not become so overwhelmed and enjoy myself when out with people?,"['Emotional State', 'Mental Health Status']",2
Why can't someone ever look at me longer than 2 seconds?,['Emotional State'],1
How can I make new friends as a 20-year-old?,['Emotional State'],1
Any tips to making friends outside of work?,"['Age', 'Emotional State', 'Profession', 'Mental Health Status', 'Marital Status']",5
How can I improve my social life and build friendships after spending years focusing only on academics?,"['Education Level', 'Emotional State', 'Marital Status', 'Mental Health Status']",4
How can I improve my conversation skills and overcome my fear of asking out someone I like?,"['Emotional State', 'Mental Health Status', 'Profession']",3
How can I be more relatable in the workplace and just in general?,"['Profession', 'Emotional State']",2
Is there anyone that can just talk to me? Give me some advice?,"['Emotional State', 'Mental Health Status', 'Age', 'Marital Status', 'Past Self-Harm History']",5
"Where can I go from here to improve my communication skills in general, and are there any useful books or articles that may help?","['Education Level', 'Profession']",2
What should I do about feeling socially awkward and desperate for a relationship?,"['Emotional State', 'Marital Status', 'Past Self-Harm History', 'Age', 'Mental Health Status']",5
How can I become more relevant to people and improve my ability to maintain conversations?,"['Education Level', 'Emotional State', 'Health Status', 'Profession', 'Mental Health Status']",5
How can I improve my self-confidence with girls?,"['Emotional State', 'Mental Health Status', 'Age', 'Profession', 'Past Self-Harm History']",5
What can I do to change the way people see me?,"['Emotional State', 'Profession', 'Mental Health Status', 'Age']",4
How can I talk to girls when I'm scared to look at them?,"['Emotional State', 'Past Self-Harm History', 'Age', 'Mental Health Status', 'Gender']",5
How can I go out and make friends or know what to do when hanging out with them?,"['Emotional State', 'Mental Health Status', 'Profession']",3
Should I talk to my nurse in charge about my concerns of being misinterpreted? How can I beat these negative thoughts?,"['Emotional State', 'Mental Health Status']",2
How can I make and retain friends?,"['Emotional State', 'Mental Health Status', 'Profession', 'Age']",4
"How can I make friends, both guys and girls?","['Emotional State', 'Gender', 'Marital Status', 'Age', 'Profession', 'Education Level']",6
What are some tips to be more confident and in a better mood?,['Emotional State'],1
How can I improve myself overall and my life?,"['Emotional State', 'Education Level', 'Economic Status']",3
How can I become more social and meet new people?,['Emotional State'],1
How do I start dating and overcome my relationship-anxiety given my past issues and current progress?,"['Emotional State', 'Past Self-Harm History', 'Age', 'Mental Health Status', 'Profession']",5
What can I do to make female friends as a college student?,"['Age', 'Education Level', 'Profession', 'Emotional State', 'Gender']",5
Is there anything that you recommend I do to feel valued by others and improve my social life?,"['Emotional State', 'Marital Status', 'Profession', 'Mental Health Status']",4
Are there any books or advice on completely re-learning social skills?,"['Emotional State', 'Mental Health Status', 'Profession']",3
How would anyone go about talking to someone they're attracted to?,['Emotional State'],1
What are some social hobbies I can attend?,"['Age', 'Emotional State', 'Mental Health Status']",3
How can I push myself to go in for the interview and pursue the job despite my anxiety?,"['Emotional State', 'Mental Health Status']",2
How can I overcome drug-induced psychosis and anxiety?,"['Mental Health Status', 'Past Self-Harm History', 'Health Status', 'Emotional State']",4
How can I make lasting friendships at my new tech job and avoid feeling like an outsider?,"['Profession', 'Emotional State']",2
How can I overcome my anxiety about approaching girls in public places?,"['Emotional State', 'Past Self-Harm History', 'Age', 'Marital Status']",4
"How should I approach this, and how do I get my confidence back?","['Emotional State', 'Mental Health Status', 'Age', 'Profession']",4
How can I change to be less lonely and make friends?,"['Emotional State', 'Mental Health Status', 'Profession', 'Age']",4
How can I get rid of my bad temper?,"['Emotional State', 'Mental Health Status', 'Health Status']",3
Is it possible to function and to stay on top of the social loop without getting Snapchat?,"['Emotional State', 'Mental Health Status']",2
Why can't I get friends?,"['Emotional State', 'Mental Health Status', 'Profession']",3
How can I make close friends?,"['Emotional State', 'Mental Health Status', 'Marital Status', 'Age', 'Profession']",5
How do I go about meeting girls organically when there are none in my research groups or classes?,"['Age', 'Profession', 'Emotional State', 'Marital Status', 'Education Level', 'Gender', 'Mental Health Status']",7
What tips do you have to force myself into social situations despite anxiety?,"['Emotional State', 'Mental Health Status', 'Age', 'Past Self-Harm History', 'Marital Status']",5
How can I start going out with my friends and be more outgoing?,"['Emotional State', 'Mental Health Status', 'Profession', 'Age', 'Marital Status']",5
How can I improve my relationship with my brother despite our differences?,"['Age', 'Emotional State', 'Mental Health Status', 'Education Level']",4
How do I stop being regarded as the weird/awkward/boring/nerdy girl at school?,"['Emotional State', 'Mental Health Status', 'Age', 'Profession', 'Education Level']",5
How do I make friends with people who donâ€™t want to pursue a romantic or sexual relationship with me?,"['Emotional State', 'Mental Health Status', 'Age', 'Profession', 'Marital Status']",5
"What should I do now that I went on a date with a girl I've liked for years, but she hasn't texted me back and is possibly still hooking up with my friend?","['Emotional State', 'Mental Health Status', 'Past Self-Harm History', 'Age', 'Marital Status']",5
How can I stop feeling anxious about going to school and blushing in class?,"['Emotional State', 'Mental Health Status', 'Past Self-Harm History', 'Age']",4
How can I regain self-belief and make new friends without repeating past mistakes?,"['Past Self-Harm History', 'Mental Health Status', 'Marital Status', 'Age', 'Education Level']",5
Is it a bad habit to convince myself that someone is out of my league to stay focused on schoolwork?,"['Emotional State', 'Mental Health Status']",2
What can I take for this? Antidepressants? Is that what makes your serotonin levels go up or down?,"['Health Status', 'Mental Health Status', 'Profession']",3
What can I do if I physically can't talk to women because of my low self-esteem and fear of rejection?,"['Emotional State', 'Mental Health Status']",2
How can I explain to my boyfriend that I don't want a wedding because I'm embarrassed to not have bridesmaids or friends there?,['Emotional State'],1
What measures can I take to be social whilst not being able to get out much?,"['Emotional State', 'Mental Health Status']",2
Should I start spending time alone even if I hate the feeling of being alone?,"['Emotional State', 'Mental Health Status', 'Marital Status', 'Past Self-Harm History']",4
What can I do to improve my social skills and build meaningful relationships?,"['Emotional State', 'Marital Status', 'Education Level', 'Age', 'Mental Health Status']",5
How can I improve my social skills and manage my anxiety to apply for jobs?,"['Mental Health Status', 'Education Level', 'Emotional State', 'Health Status']",4
How can I stop being the target of roasts in my friend circles?,"['Emotional State', 'Mental Health Status', 'Profession', 'Age']",4
Any general advice on what I should do?,"['Economic Status', 'Profession', 'Emotional State', 'Mental Health Status', 'Age', 'Health Status', 'Education Level']",7
How can I deal with my social anxiety and improve my confidence around people?,"['Emotional State', 'Mental Health Status', 'Past Self-Harm History', 'Age', 'Profession']",5
Is it wrong to talk to a male classmate that way?,"['Gender', 'Emotional State', 'Marital Status', 'Age', 'Profession']",5
How do I get over being a coward and learn to be assertive?,"['Mental Health Status', 'Emotional State', 'Profession']",3
How can I handle feeling left out by my housemates who exclude me from activities?,"['Emotional State', 'Mental Health Status', 'Marital Status', 'Past Self-Harm History']",4
What advice do you have for making friends in college as a shy person?,"['Education Level', 'Emotional State', 'Age', 'Profession', 'Mental Health Status']",5
What about me makes people not take me seriously in a group?,"['Emotional State', 'Profession', 'Marital Status', 'Gender', 'Age', 'Education Level']",6
"As a complete anxious noob, where and how can I practice getting better at socializing?","['Emotional State', 'Mental Health Status', 'Age', 'Profession', 'Marital Status', 'Past Self-Harm History']",6
"How should I proceed if I see her or cross paths at the workplace, and should I intentionally ignore her?",['Mental Health Status'],1
"What is the etiquette for meeting people at concerts and shows, and how should I approach these situations if I'm going alone?",['Emotional State'],1
"What realistically can I do at this point? Or am I really just a victim of unfortunate circumstances that have left me fucked beyond any help? Should I continue with my plan to just give up, just focusing on passions and not worrying about finding someone, or is that going to only ensure my continued solitude and I need to keep trying?","['Emotional State', 'Mental Health Status', 'Past Self-Harm History', 'Age', 'Marital Status', 'Profession']",6
How can I make friends and connect with others at my art college when I feel shy and out of place?,"['Emotional State', 'Profession']",2
What am I supposed to do to meet new people and access social events like parties and meetups?,"['Profession', 'Emotional State', 'Mental Health Status', 'Age']",4
Has anyone ever been in this spot or have experience a situation like this?,"['Age', 'Emotional State', 'Past Self-Harm History', 'Marital Status']",4
How can I improve my conversational skills to engage in longer conversations and develop friendships and a potential relationship?,"['Education Level', 'Emotional State', 'Mental Health Status', 'Age']",4
"What should I do to improve my motivation and communication skills, and how can I prepare for my maturity exam?","['Education Level', 'Emotional State', 'Profession']",3
How can I make friends?,"['Age', 'Emotional State']",2
How can I cope with feeling alone on my birthday?,"['Emotional State', 'Mental Health Status']",2
Any tips on how to stop thinking this way?,"['Emotional State', 'Mental Health Status', 'Past Self-Harm History', 'Age', 'Profession', 'Education Level']",6
"What should I do after exchanging numbers with a girl from my class, considering I'm an introvert and have never been in this situation before?","['Emotional State', 'Past Self-Harm History', 'Age', 'Education Level', 'Mental Health Status']",5
How can I improve my dating life and form meaningful relationships despite my challenges?,"['Marital Status', 'Mental Health Status', 'Emotional State', 'Past Self-Harm History', 'Age', 'Profession']",6
How can I overcome my inability to socialize and talk to a girl I like despite being bullied and blackmailed by friends?,"['Emotional State', 'Mental Health Status', 'Past Self-Harm History', 'Age', 'Profession', 'Education Level']",6
How can I find or approach a girl I saw at a workshop who winked at me?,"['Age', 'Emotional State', 'Profession', 'Gender', 'Marital Status']",5
How do you make friends at 18?,"['Age', 'Emotional State', 'Profession', 'Mental Health Status']",4
How can I meet new people and put myself out there after a breakup?,"['Emotional State', 'Mental Health Status', 'Profession']",3
How do I overcome my extreme anxiety about social interaction and manage my nerves for the interview at Burger King?,"['Emotional State', 'Mental Health Status', 'Education Level', 'Health Status']",4
How can I become more socially confident and courageous?,"['Emotional State', 'Mental Health Status', 'Profession']",3
How can I find true friends after turning 30?,"['Age', 'Mental Health Status', 'Profession', 'Emotional State']",4
How do you 'connect' with people and develop a friendship?,"['Emotional State', 'Mental Health Status', 'Profession', 'Age']",4
How can I deal with intense anxiety that makes me sick every morning because of my job?,"['Profession', 'Mental Health Status']",2
What should I do about my severe anxiety that makes it hard to go to work?,"['Mental Health Status', 'Emotional State', 'Health Status']",3
What resources or support can help me improve my social skills and imagination to better interact with my son?,"['Education Level', 'Emotional State', 'Age']",3
Does never having been drunk at almost 21 make me weird?,"['Age', 'Mental Health Status', 'Emotional State', 'Profession']",4
How can I navigate classroom politics and group creation effectively?,"['Education Level', 'Profession', 'Emotional State']",3
How do you feel about dating today?,"['Emotional State', 'Mental Health Status', 'Marital Status', 'Past Self-Harm History']",4
"What books, blogs, or other resources have advice on how to just be a nice person?","['Emotional State', 'Mental Health Status']",2
How can I make friends and overcome feeling socially isolated?,"['Emotional State', 'Mental Health Status', 'Marital Status', 'Past Self-Harm History', 'Age', 'Education Level']",6
How can I turn my life around?,"['Emotional State', 'Mental Health Status', 'Profession', 'Age', 'Gender', 'Economic Status', 'Education Level']",7
How can I improve my verbal communication to make better impressions during conversations?,"['Education Level', 'Profession']",2
How can I improve my social skills when talking to girls?,"['Age', 'Education Level', 'Emotional State', 'Marital Status', 'Gender']",5
What are some ways I can make friends and not really spend money?,"['Profession', 'Economic Status']",2
How can I improve my communication skills in social situations to maintain my friendships?,"['Education Level', 'Emotional State', 'Age', 'Profession']",4
Why is this happening and how can I not be viewed as an emotionally fragile hot mess?,[],0
"How does one cope with social anxiety and integrate themselves with others naturally, especially among a group I already broke the ice with but not quite?",['Emotional State'],1
"How am I supposed to deal with being a quiet person when it destroys my self-confidence and makes me feel hurt, sad, and defensive?","['Emotional State', 'Mental Health Status']",2
"How can I start improving my life, making friends, and overcoming my fear of speaking to girls?","['Emotional State', 'Mental Health Status', 'Profession', 'Education Level', 'Marital Status', 'Past Self-Harm History', 'Age']",7
WTF is wrong with me? Am I just really deep into limerence?,"['Emotional State', 'Mental Health Status', 'Past Self-Harm History']",3
How can I help people if I don't know any people?,"['Age', 'Profession', 'Emotional State', 'Marital Status', 'Health Status', 'Gender', 'Education Level', 'Past Self-Harm History']",8
How can I overcome my social awkwardness and improve my self-esteem?,"['Emotional State', 'Mental Health Status', 'Education Level']",3
How can I overcome my social anxiety when I can't afford a therapist and don't have support from friends or family?,"['Emotional State', 'Mental Health Status', 'Economic Status']",3
Am I overthinking and missing signs of other thoughts I should have or solutions to my thoughts?,['Emotional State'],1
How can someone be motivated to be social when you experience constant negative feedback?,"['Emotional State', 'Mental Health Status']",2
How can I improve my social skills and make meaningful connections?,"['Emotional State', 'Marital Status', 'Education Level', 'Mental Health Status']",4
Any tips on building my self-esteem enough or being able to talk better in social situations?,"['Emotional State', 'Mental Health Status', 'Profession', 'Past Self-Harm History']",4
How can someone change my mind about relationships being a waste of time and resources?,"['Emotional State', 'Mental Health Status', 'Past Self-Harm History', 'Marital Status']",4
How do I stop viewing girls as sex objects?,"['Emotional State', 'Past Self-Harm History', 'Mental Health Status']",3
Why am I feeling happy about my crush getting a boyfriend after initially being upset?,"['Emotional State', 'Mental Health Status', 'Age', 'Past Self-Harm History']",4
What should I do about these kind of situations in the future?,"['Emotional State', 'Health Status', 'Mental Health Status', 'Profession', 'Education Level', 'Age']",6
What tips can you give for maintaining a friendship with someone who inspires me?,"['Emotional State', 'Mental Health Status']",2
Anything else I should be trying to speed up this process a little bit? Is it just going to take more time/practice? Or is this likely a permanent issue that I'm going to have to learn to live with?,"['Mental Health Status', 'Emotional State', 'Health Status']",3
How can I confidently approach a girl I want to be my girlfriend?,"['Age', 'Emotional State', 'Mental Health Status', 'Profession', 'Marital Status']",5
Why would he blow me off online while still being active?,"['Mental Health Status', 'Past Self-Harm History', 'Age', 'Marital Status', 'Education Level']",5
Does anyone check out r/Mindfulness?,"['Mental Health Status', 'Emotional State', 'Past Self-Harm History', 'Age', 'Health Status']",5
How can I convince my friend's parents to let her go on a trip with me?,"['Marital Status', 'Emotional State']",2
Anyone else struggling with a drop in social skills due to focusing more on career development?,"['Emotional State', 'Mental Health Status', 'Profession']",3
"What can I do to improve my social skills, especially when it comes to women and dating?","['Gender', 'Marital Status', 'Emotional State', 'Profession', 'Mental Health Status']",5
Is my difficulty in socializing and finding words due to spending too much time alone or could it be ADHD?,"['Mental Health Status', 'Emotional State', 'Age', 'Past Self-Harm History', 'Profession']",5
How can I build meaningful friendships and relationships despite my disability?,"['Mental Health Status', 'Emotional State', 'Age', 'Marital Status', 'Past Self-Harm History']",5
How do I become more easygoing and normal in social interactions?,"['Emotional State', 'Mental Health Status', 'Profession', 'Age', 'Marital Status']",5
"Should I talk to her? Also, for what reasons should you NOT try anything?","['Emotional State', 'Age', 'Marital Status', 'Past Self-Harm History', 'Mental Health Status']",5
Does anyone have any suggestions for what I should do to improve my social skills and make friends?,"['Emotional State', 'Profession']",2
How can I overcome loneliness and build meaningful friendships?,"['Emotional State', 'Mental Health Status', 'Age', 'Marital Status', 'Past Self-Harm History']",5
How can I establish proper friendships and maintain conversations in college?,"['Education Level', 'Age', 'Emotional State', 'Profession', 'Mental Health Status']",5
What do these girls think about me?,"['Gender', 'Age', 'Marital Status', 'Education Level', 'Emotional State', 'Health Status', 'Mental Health Status', 'Profession', 'Economic Status']",9
How can I improve my social skills and make more friends?,"['Emotional State', 'Profession', 'Education Level', 'Marital Status']",4
Do I have social anxiety?,"['Emotional State', 'Mental Health Status', 'Past Self-Harm History', 'Age']",4
How do I cope with anxiety and pressure from my coworkers at my job?,"['Mental Health Status', 'Emotional State', 'Profession']",3
How can I become magnetic like this girl I know?,['Emotional State'],1
Is it weird to ask the girl who sits next to me in class for notes and to introduce myself after 3 weeks of classes?,[],0
How do I find people who are loyal to me and like me for who I am?,"['Emotional State', 'Mental Health Status', 'Age', 'Marital Status', 'Profession']",5
"What daily course of action can I do, starting today, that will help me improve my social skills/confidence?","['Emotional State', 'Marital Status', 'Education Level']",3
How can I manage my tendency to get bored and dislike people after spending too much time with them?,"['Emotional State', 'Mental Health Status', 'Past Self-Harm History', 'Age']",4
"What are some specific things I can say to a girl in my friend group to let her know I'm not interested in her, without appearing heartless and losing friends?",['Emotional State'],1
How do I become a part of the 'cool gang'? Where do I even start?,"['Age', 'Profession', 'Emotional State', 'Mental Health Status']",4
How can I overcome the self-doubt and low self-esteem caused by my childhood emotional neglect?,"['Emotional State', 'Past Self-Harm History', 'Mental Health Status', 'Age', 'Profession']",5
How do I make friends?,['Age'],1
"Where are some good places to meet new friends and especially girls? Also, what is the best way to go about choosing the right people to try and befriend?","['Age', 'Emotional State', 'Profession', 'Marital Status', 'Mental Health Status']",5
How do I find friends while living in a remote area?,"['Age', 'Economic Status', 'Profession', 'Emotional State', 'Mental Health Status']",5
How can I manage my feelings of discomfort and boredom after spending too much time with people?,"['Emotional State', 'Mental Health Status']",2
What should I say to my professor if I want to know if he's written any books?,['Profession'],1
How can I stop being a clingy friend and avoid ruining my friendship?,"['Emotional State', 'Mental Health Status', 'Past Self-Harm History']",3
Does anyone judge a guy if he attempts to pee at a urinal but fails to?,"['Emotional State', 'Mental Health Status', 'Age', 'Profession']",4
How can I feel more comfortable attending social events alone?,"['Emotional State', 'Mental Health Status']",2
Has anybody experienced feeling like an outsider or is it just me?,"['Emotional State', 'Mental Health Status']",2
"Is there anything else I can do to have adult relationships, or should I just save my energy and quit trying?","['Emotional State', 'Mental Health Status', 'Marital Status', 'Past Self-Harm History', 'Age']",5
"How should I approach people and groups, and what's appropriate to say to develop social skills as an adult?",['Education Level'],1
How can I build a genuine connection with people and stop feeling so alone?,"['Emotional State', 'Mental Health Status', 'Marital Status', 'Past Self-Harm History']",4
How do I be a good friend and maintain friendships?,['Emotional State'],1
What should I do about my job that is affecting my mental health and happiness?,"['Profession', 'Mental Health Status']",2
What can I do to address my feelings about being a 23-year-old virgin with no relationship experience?,"['Emotional State', 'Marital Status', 'Mental Health Status', 'Past Self-Harm History']",4
How can I improve my social skills and relationships?,"['Emotional State', 'Marital Status', 'Education Level', 'Mental Health Status']",4
How can I date attractive women as an average looking guy with a decent middle class job?,"['Age', 'Economic Status', 'Profession', 'Education Level', 'Emotional State', 'Health Status', 'Mental Health Status', 'Marital Status']",8
Why does she flirt with me and try to get my attention then lash out when I ignore her?,['Emotional State'],1
What is going on with me? Is this normal?,"['Emotional State', 'Past Self-Harm History', 'Mental Health Status', 'Age', 'Marital Status']",5
What should I do about bringing flowers and chocolate to girls for Valentine's Day?,['Emotional State'],1
Why do I have to act so fidgety and say dumb shit and tense up at every interaction?,"['Emotional State', 'Mental Health Status', 'Past Self-Harm History', 'Profession']",4
What can I do to overcome the fear of stuttering in social situations?,"['Emotional State', 'Mental Health Status', 'Past Self-Harm History', 'Age', 'Profession']",5
Has anyone else experienced difficulty speaking in front of groups and have any advice on how to overcome it?,"['Emotional State', 'Mental Health Status']",2
How can I make myself more comfortable when in public?,"['Emotional State', 'Mental Health Status']",2
Are there other things I can work on and develop that could potentially help with my anxiety about meeting new people?,"['Emotional State', 'Mental Health Status']",2
How can I stop driving people away and improve my social interactions?,"['Emotional State', 'Mental Health Status', 'Marital Status', 'Past Self-Harm History']",4
How do you make friends near your age?,"['Age', 'Emotional State', 'Mental Health Status', 'Profession', 'Marital Status']",5
How can I learn to deal with verbal confrontation?,"['Emotional State', 'Mental Health Status', 'Age', 'Profession']",4
How can I better manage the confrontations with my conservative parents regarding my cannabis use?,"['Age', 'Emotional State', 'Mental Health Status', 'Past Self-Harm History', 'Marital Status', 'Education Level']",6
"Am I doing something wrong in the way I approach my guy friends, and is there a better way to communicate my boundaries?","['Emotional State', 'Past Self-Harm History', 'Mental Health Status', 'Age']",4
How do I start making a living and make new friends?,"['Profession', 'Economic Status', 'Education Level', 'Age']",4
What can I do to improve this aspect?,"['Emotional State', 'Past Self-Harm History', 'Health Status', 'Profession', 'Mental Health Status']",5
Do you have any advice for dealing with a roommate who is sensitive to smells?,"['Emotional State', 'Mental Health Status', 'Profession', 'Past Self-Harm History']",4
How can I change my mindset to value what I think of myself more and what others think of me less?,"['Emotional State', 'Mental Health Status']",2
What can I do to keep a woman to stay around?,"['Gender', 'Emotional State', 'Marital Status', 'Past Self-Harm History', 'Age', 'Mental Health Status']",6
How do I get over an inferiority complex? How does someone like me meet people in an organic way to build friendships? How do I make myself more active on social media even when my life is pretty boring? How do I change my body and my attitude so that when I'm 30 I can look back and be amazed at how much my life has changed?,"['Emotional State', 'Mental Health Status']",2
How do I make friends?,['Age'],1
"Should I try to ask one of the girls I could maybe ask to prom, despite feeling anxious and not having classes with them?",['Emotional State'],1
How can I start dating and overcome my fear of rejection?,"['Emotional State', 'Mental Health Status', 'Age', 'Marital Status', 'Past Self-Harm History']",5
How can I open up emotionally to someone I am dating and allow them to connect with me?,"['Emotional State', 'Past Self-Harm History', 'Mental Health Status']",3
What can I do to manage my desire to use alcohol as a way to ease social anxiety?,"['Emotional State', 'Past Self-Harm History', 'Mental Health Status']",3
How can I change my perspective to connect better with people and be less lonely?,"['Emotional State', 'Mental Health Status', 'Marital Status', 'Age', 'Past Self-Harm History']",5
How can I get my motivation back and start talking to more people and going on dates?,"['Mental Health Status', 'Emotional State', 'Past Self-Harm History', 'Economic Status']",4
Is social media necessary for making friends as a university student?,"['Education Level', 'Age', 'Emotional State', 'Profession', 'Mental Health Status']",5
"How can I move forward and make a life for myself if I have no idea what I want to be, or who I am even now?","['Emotional State', 'Education Level', 'Profession', 'Age', 'Mental Health Status']",5
Why do friends randomly decide to hate you or cut you off without a discussion?,"['Emotional State', 'Mental Health Status', 'Past Self-Harm History']",3
What are some tips to become more extroverted?,"['Emotional State', 'Mental Health Status', 'Profession', 'Age', 'Education Level']",5
How can I find fulfillment when being a 'nice guy' isn't benefiting me as expected?,"['Emotional State', 'Profession']",2
How can I feel more engaged when meeting new people?,"['Emotional State', 'Mental Health Status', 'Profession', 'Age']",4
Why do girls stop texting me?,"['Emotional State', 'Age', 'Mental Health Status', 'Education Level', 'Health Status', 'Marital Status']",6
How can I improve my social skills and overcome social awkwardness?,"['Emotional State', 'Education Level', 'Profession', 'Mental Health Status']",4
How can I deal with my feelings for my friend who is now dating someone else?,"['Emotional State', 'Mental Health Status', 'Past Self-Harm History']",3
Should I be 'young' and engage in risky behaviors like my peers to avoid future regrets?,"['Age', 'Mental Health Status', 'Emotional State', 'Education Level']",4
Why do I feel so alienated and different when it comes to dating/girls?,"['Emotional State', 'Mental Health Status', 'Marital Status', 'Past Self-Harm History']",4
How can I improve my social skills beyond interacting with friends on social media and text messages?,"['Education Level', 'Emotional State', 'Health Status', 'Age', 'Profession']",5
How can I improve my social skills and gain the courage to speak up and make friends?,"['Emotional State', 'Mental Health Status', 'Profession']",3
How can I relate better to my classmates and make friends around my age group despite feeling disconnected?,"['Age', 'Education Level', 'Emotional State', 'Mental Health Status']",4
"Other than occasional therapy, is there any solid advice?","['Emotional State', 'Past Self-Harm History', 'Age', 'Mental Health Status', 'Marital Status']",5
How can I make conversations more interesting and show a girl that I think she's cute?,"['Age', 'Emotional State', 'Profession', 'Mental Health Status', 'Education Level']",5
How can I make friends as an adult in a new town with limited social opportunities?,"['Age', 'Emotional State', 'Profession', 'Mental Health Status']",4
How do I develop a personality?,"['Emotional State', 'Mental Health Status', 'Profession', 'Education Level']",4
How do I become a more socially interesting and involved person? What can I do to bring more meaning to my at-home life than simply surfing the internet and doing homework?,"['Emotional State', 'Profession']",2
How can I discipline myself better to achieve my goals and maintain a proper diet?,"['Emotional State', 'Education Level', 'Mental Health Status', 'Profession']",4
What changes can I make to improve my mental health and social life?,"['Emotional State', 'Mental Health Status']",2
Could you give me some advice for my first date?,['Emotional State'],1
How can I overcome my fear of reaching out and showing interest in others?,"['Emotional State', 'Mental Health Status', 'Past Self-Harm History', 'Age']",4
How can I overcome the feeling of being trapped by past social experiences?,"['Past Self-Harm History', 'Mental Health Status', 'Emotional State', 'Age']",4
Does anybody have any advice on how to approach a situation like this? Or some tips to break the ice?,"['Emotional State', 'Age', 'Marital Status', 'Gender', 'Education Level', 'Mental Health Status', 'Profession']",7
How can I overcome loneliness and find proper friends while coping with stress from university and financial issues?,"['Emotional State', 'Mental Health Status', 'Education Level']",3
How can I handle starting university when I'm not good at socializing and worried about being alone?,['Mental Health Status'],1
How can I make at least one good friend and improve my social skills?,"['Emotional State', 'Mental Health Status', 'Profession', 'Marital Status', 'Age', 'Education Level']",6
"What books can I read to improve my social skills, and how can I meet people and strike up conversations?","['Education Level', 'Emotional State', 'Age', 'Profession']",4
How can I connect better with customers and coworkers at my retail fashion job?,"['Profession', 'Emotional State', 'Education Level', 'Mental Health Status']",4
Do you think I'm a boring/uninteresting person?,['Emotional State'],1
Is there anyway I can change the way I socialize?,"['Emotional State', 'Mental Health Status', 'Marital Status', 'Age', 'Profession']",5
How can I develop friendships with women despite my social anxiety and past homeschooling experience?,"['Emotional State', 'Age', 'Gender', 'Education Level', 'Marital Status', 'Past Self-Harm History']",6
Where's a good place to start? Is this something that can actually be fixed or changed? Should I get used to always being alone?,"['Emotional State', 'Mental Health Status', 'Marital Status', 'Past Self-Harm History']",4
What can I do now to not feel so lonely and empty?,"['Emotional State', 'Mental Health Status', 'Marital Status', 'Past Self-Harm History']",4
Should I just keep trying to work on myself so I'm more interesting?,[],0
Why is it that people won't include me in anything?,"['Emotional State', 'Mental Health Status', 'Past Self-Harm History', 'Age', 'Gender']",5
"Would a speech therapist help with my social anxiety and trouble with enunciation, or is there some type of exercise I can do to help myself?","['Emotional State', 'Education Level', 'Health Status', 'Profession']",4
What are people interested in seeing on Snapchat? Are people okay with things like 'wake up' selfies or stuff like that? What would be going too far?,['Age'],1
How can I stop isolating myself and socialize more in college?,"['Emotional State', 'Mental Health Status', 'Marital Status', 'Education Level']",4
How can I embrace discomfort to overcome my introversion?,"['Emotional State', 'Mental Health Status', 'Age', 'Profession', 'Past Self-Harm History']",5
"How do I get him to stop without violence, and do I just ignore it until it goes away?","['Past Self-Harm History', 'Emotional State', 'Mental Health Status', 'Age', 'Profession']",5
Why didn't my friends and coworkers show up to my party even after confirming they would come?,"['Emotional State', 'Mental Health Status', 'Profession']",3
Is there like a self-help group thing that a bunch of loser nobodies can meet up and talk about their shit?,"['Emotional State', 'Mental Health Status', 'Past Self-Harm History', 'Marital Status']",4
How can I deal with my fear of going to parties and being rejected?,"['Emotional State', 'Mental Health Status', 'Past Self-Harm History', 'Age']",4
How can I stop procrastinating and motivate myself to complete tasks on time?,"['Emotional State', 'Mental Health Status']",2
How can I improve my self-esteem and confidence in social situations and physical appearance?,"['Emotional State', 'Mental Health Status', 'Profession']",3
How can I reconnect with my friends after cutting them off for a few months?,"['Emotional State', 'Past Self-Harm History', 'Mental Health Status', 'Age']",4
How can I manage my friendship with Jane without damaging my relationships with other friends?,['Emotional State'],1
How do I get over my mentality that stops me from pursuing romantic or sexual relationships?,"['Mental Health Status', 'Emotional State', 'Past Self-Harm History', 'Marital Status']",4
How do I tell my friend to stop singing and suggest he write and sell songs instead?,['Profession'],1
How can I improve my social skills and make friends?,"['Emotional State', 'Profession', 'Mental Health Status']",3
How can I learn to deal with negative comments better?,"['Emotional State', 'Mental Health Status', 'Past Self-Harm History']",3
Is the lack of genuine connection in my life the result of poor social skills or something much deeper?,"['Mental Health Status', 'Marital Status', 'Emotional State']",3
How do unemployed adults make new friends without having a job?,"['Profession', 'Emotional State', 'Age', 'Mental Health Status', 'Marital Status']",5
How can I sustain a normal conversation with a girl?,['Emotional State'],1
How do you meet new people your own age in an isolated area?,"['Age', 'Emotional State', 'Profession', 'Mental Health Status', 'Marital Status']",5
Is there any hope for me?,"['Emotional State', 'Mental Health Status', 'Past Self-Harm History', 'Age', 'Marital Status']",5
How can I stop people thinking I'm weird?,"['Emotional State', 'Mental Health Status', 'Marital Status', 'Age', 'Past Self-Harm History', 'Profession']",6
Why am I still being ostracized and ignored despite making improvements in my social skills and achievements?,"['Mental Health Status', 'Emotional State', 'Past Self-Harm History', 'Age', 'Marital Status', 'Profession']",6
Is there any way to stop these thoughts from taking over my present life?,"['Emotional State', 'Past Self-Harm History', 'Mental Health Status', 'Age', 'Profession']",5
How can I be more giving in my relationships and less selfish with my time and energy?,"['Emotional State', 'Mental Health Status', 'Marital Status']",3
How do I stop turning everything into a joke and express my true feelings?,"['Emotional State', 'Mental Health Status', 'Past Self-Harm History', 'Profession']",4
How can I navigate my friendship with this girl given our schedules and the communication challenges I face?,"['Emotional State', 'Health Status', 'Age', 'Marital Status', 'Profession']",5
"Why am I the target of harassment from my roommates, and how can I reverse or avoid this in the future?","['Emotional State', 'Mental Health Status', 'Past Self-Harm History', 'Gender', 'Profession']",5
How can I improve my behavior to stop being an outsider in groups and build friendship and romantic bonds with people?,"['Emotional State', 'Mental Health Status', 'Marital Status', 'Past Self-Harm History', 'Education Level']",5
Why do I feel empty after meeting someone I'm interested in?,"['Emotional State', 'Mental Health Status', 'Age', 'Past Self-Harm History', 'Marital Status']",5
Why do people look at me but avoid making eye contact or engaging with me?,"['Emotional State', 'Mental Health Status', 'Age', 'Profession']",4
How can I overcome hurdles in friendships and relationship stuff?,"['Emotional State', 'Mental Health Status', 'Marital Status', 'Past Self-Harm History']",4
Is there any hope for me in improving my social life?,"['Emotional State', 'Marital Status', 'Profession', 'Age', 'Mental Health Status']",5
How can I overcome my lack of confidence and break free from acting like a child in social situations?,"['Emotional State', 'Mental Health Status', 'Age', 'Past Self-Harm History', 'Profession']",5
"How can I be a fun, loving, amazing person to be with?","['Emotional State', 'Mental Health Status', 'Profession', 'Marital Status', 'Age']",5
How can I retain a good relationship with a female that progresses beyond simple office talk?,"['Gender', 'Marital Status', 'Emotional State', 'Age', 'Education Level', 'Profession', 'Mental Health Status']",7
Why don't I have any friends here despite my efforts?,"['Emotional State', 'Mental Health Status', 'Profession', 'Age', 'Marital Status', 'Past Self-Harm History']",6
How can I become a more likable person and make friends?,"['Emotional State', 'Profession', 'Mental Health Status', 'Age', 'Marital Status']",5
Do I have a good plan for being more socially active in college? Is there anything else I should do to increase my odds of social success this time? Is there anything I'm doing that's a bad idea and I should drop?,['Emotional State'],1
What do you do to keep your emotions from ruling your life?,"['Emotional State', 'Mental Health Status', 'Profession']",3
Why am I so lonely?,"['Emotional State', 'Marital Status']",2
How can I ensure that this new chapter in my life is a good one?,"['Emotional State', 'Mental Health Status', 'Age', 'Marital Status']",4
What am I doing wrong in my social interactions that leads me to have suicidal thoughts?,"['Emotional State', 'Past Self-Harm History', 'Mental Health Status', 'Age', 'Marital Status']",5
How do I overcome my awkwardness when asking women out?,"['Emotional State', 'Mental Health Status', 'Age', 'Profession', 'Marital Status']",5
What can I do to improve my social skills faster?,"['Education Level', 'Emotional State', 'Mental Health Status', 'Age']",4
What should I do about my fluency disorder affecting my ability to communicate?,"['Health Status', 'Mental Health Status', 'Education Level', 'Emotional State', 'Past Self-Harm History']",5
Am I really that incomprehensible?,"['Emotional State', 'Mental Health Status', 'Age']",3
"Can anyone give me some tips on how to handle certain social situations like responding to jokes, opening up to others, or starting conversations without coming off as creepy?",['Emotional State'],1
"Why do I feel ignored and dismissed in conversations with this group of people, and is it because of my appearance?","['Emotional State', 'Mental Health Status', 'Age', 'Profession']",4
"Does anyone relate, or have any tips/advice for dealing with a mental block during conversations?",['Mental Health Status'],1
Any possible tips for not talking too much out of fear of awkward silence?,"['Emotional State', 'Age', 'Mental Health Status', 'Education Level', 'Health Status']",5
Am I still wrong? Do I not have a right to be upset by these things? Am I being racist?,"['Emotional State', 'Mental Health Status', 'Profession']",3
Why do I no longer receive attention from women at work after having many crushes on me before?,"['Emotional State', 'Mental Health Status', 'Profession', 'Gender', 'Marital Status', 'Age', 'Economic Status', 'Health Status']",8
"Am I doing enough already just by listening, or should I do more to help my colleague with anxiety and depression?","['Mental Health Status', 'Emotional State']",2
Any advice for a non-social 22m trying to be more social?,"['Age', 'Mental Health Status', 'Emotional State', 'Past Self-Harm History', 'Marital Status']",5
How can I improve my social skills and build confidence?,"['Emotional State', 'Education Level', 'Profession']",3
How can I deal with the discomfort of receiving attention from women after my weight loss?,"['Emotional State', 'Mental Health Status', 'Past Self-Harm History']",3
"How can I move forward and not feel like a burden while dealing with my autism, ADHD, GAD, and depression?","['Emotional State', 'Mental Health Status', 'Past Self-Harm History']",3
"How do I open up to new people, get more friends of the opposite sex and maybe even find a relationship?","['Gender', 'Marital Status', 'Emotional State', 'Profession']",4
How can I get better social skills and improve my social life?,"['Emotional State', 'Education Level', 'Profession', 'Marital Status']",4
What am I doing wrong that people never wait and listen to what I say?,['Emotional State'],1
How can I overcome my low self-esteem and start dating despite my past experiences?,"['Past Self-Harm History', 'Emotional State', 'Marital Status', 'Mental Health Status', 'Age']",5
What are some tips and advice to minimize symptoms of social anxiety?,"['Emotional State', 'Past Self-Harm History']",2
How do I stop thinking about her all the time and drop these feelings?,"['Emotional State', 'Mental Health Status', 'Past Self-Harm History', 'Age']",4
How can I improve my social skills when I missed out on learning them during my early years?,"['Education Level', 'Age', 'Mental Health Status']",3
Any tips for mourning the loss of old friendships and not letting it affect new ones?,"['Emotional State', 'Mental Health Status']",2
What is it about my personality that sends every woman running?,"['Emotional State', 'Mental Health Status', 'Gender', 'Profession', 'Age']",5
Do you think my comment was so hurtful?,"['Emotional State', 'Mental Health Status', 'Past Self-Harm History', 'Marital Status']",4
Any ideas to overcome being perceived as quiet in a workplace setting?,"['Emotional State', 'Profession']",2
What is my best option? Should I leave everything behind and go back to college and make some friends/meaningful relationships or stay here and be happy with my job for 2/3 of the day and basically feel miserable for the last 1/3 of the day until I'm completely fed up with it?,"['Emotional State', 'Education Level', 'Mental Health Status']",3
How can I make new friends in the Sarasota area?,"['Age', 'Emotional State']",2
"How can I get better at socialising fast, or at all?","['Emotional State', 'Mental Health Status', 'Education Level', 'Profession']",4
What are some methods or drills that can help me stop overthinking my body and what others think of me at every single moment?,"['Emotional State', 'Mental Health Status', 'Past Self-Harm History', 'Age']",4
How can learning martial arts help me overcome anxiety and depression caused by past bullying and humiliation?,"['Past Self-Harm History', 'Emotional State', 'Mental Health Status']",3
"How can I improve my social skills with friends, strangers, and especially girls?","['Emotional State', 'Mental Health Status', 'Age', 'Profession', 'Marital Status']",5
How do you get over regrets?,"['Mental Health Status', 'Past Self-Harm History', 'Emotional State']",3
How can I start a meaningful romantic relationship?,"['Marital Status', 'Emotional State', 'Past Self-Harm History', 'Age']",4
How can I tell if I am attractive or not?,"['Age', 'Emotional State', 'Mental Health Status', 'Gender', 'Marital Status']",5
How do I fit in? Are there other people who feel this way? Is this just what adult life is and I need to just fake it till I make it?,"['Emotional State', 'Mental Health Status']",2
Any tips for forming friendships at my age whilst most are still in school as I graduated a year early?,['Age'],1
"How can I strike up and hold a conversation, progress relationships with new acquaintances, change my perception of how others perceive me, and become more interested in others?","['Emotional State', 'Mental Health Status']",2
How am I supposed to keep or get someone's interest when I have nothing to talk about?,"['Education Level', 'Emotional State', 'Profession', 'Age', 'Mental Health Status']",5
What are some ways to counteract the fear of abandonment and rejection?,"['Emotional State', 'Mental Health Status', 'Age', 'Past Self-Harm History', 'Marital Status']",5
How can I become more socially confident and form relationships in college?,"['Education Level', 'Emotional State', 'Marital Status', 'Age', 'Profession']",5
How do I make friends and where do people even make friends?,"['Age', 'Education Level', 'Emotional State', 'Profession', 'Mental Health Status']",5
How can I make and keep real friends?,"['Emotional State', 'Mental Health Status', 'Age', 'Profession', 'Marital Status']",5
"Can you please share your own experiences with dealing with gym anxiety and some practical ways that can help me get out of this anxious cycle? Some coping skills, useful mindset?",['Emotional State'],1
"Does anyone have any tips for finding things to do in my area, or just trying to be more social in general?",['Emotional State'],1
"If I find myself starting to make a friend, should I tell them about my alexithymia? When? Is it possible that someone would still want to be friends with me even if they know I don't care emotionally about them or our friendship together?",[],0
How can I overcome my low self-esteem and improve my ability to interact with people?,"['Emotional State', 'Mental Health Status', 'Profession', 'Past Self-Harm History', 'Age']",5
How can I make the most of reconnecting with an old high school crush after years of self-improvement?,"['Emotional State', 'Mental Health Status', 'Age', 'Marital Status', 'Profession', 'Past Self-Harm History']",6
Does anyone else have a similar situation or dealt with a similar situation?,"['Emotional State', 'Marital Status', 'Mental Health Status', 'Past Self-Harm History', 'Age', 'Profession', 'Economic Status']",7
What can I do to overcome my social anxiety and build social skills?,"['Emotional State', 'Mental Health Status', 'Age', 'Past Self-Harm History', 'Education Level']",5
How can I change the way people perceive me at work to avoid feeling like they see me as a threat?,"['Profession', 'Emotional State', 'Mental Health Status']",3
"What should I text her to find out why she is avoiding me, or should I even do it?","['Emotional State', 'Past Self-Harm History', 'Age', 'Marital Status', 'Mental Health Status']",5
How can I regain my mental sharpness and reduce anxiety in conversations?,"['Mental Health Status', 'Emotional State']",2
Is it childish to be this open with my emotions?,"['Emotional State', 'Mental Health Status', 'Age']",3
How can I make friends in my second year of college when I have difficulty due to anxiety and existing social circles?,['Emotional State'],1
How can I have a normal conversation with others at school and talk to the girl I like?,['Emotional State'],1
How can I befriend people I meet despite my shyness and insecurities?,"['Emotional State', 'Mental Health Status', 'Age', 'Profession', 'Past Self-Harm History']",5
What can I do to start a meaningful conversation?,"['Emotional State', 'Marital Status', 'Age', 'Gender', 'Education Level']",5
How can I make close friends in my current situation?,"['Emotional State', 'Mental Health Status', 'Marital Status', 'Age', 'Profession']",5
What is the etiquette for meeting people at concerts or shows?,"['Age', 'Emotional State', 'Marital Status', 'Profession', 'Mental Health Status']",5
What can I do to build meaningful friendships and connections at 25?,"['Age', 'Emotional State', 'Profession', 'Mental Health Status']",4
Any ideas of how I can combat this self doubt?,"['Emotional State', 'Mental Health Status', 'Past Self-Harm History', 'Age', 'Profession', 'Education Level', 'Gender', 'Marital Status']",8
What can I do to improve my social skills and be able to make friends and find a girlfriend?,"['Emotional State', 'Mental Health Status', 'Profession', 'Marital Status', 'Age']",5
How can I meet new people at 24-25 years old?,"['Emotional State', 'Profession', 'Age', 'Mental Health Status', 'Marital Status']",5
How can I avoid looking at people's mouths when making eye contact?,"['Emotional State', 'Mental Health Status', 'Age', 'Profession']",4
Any tips for getting out of this mindset?,"['Emotional State', 'Mental Health Status', 'Past Self-Harm History', 'Marital Status']",4
Any ideas how I can go about meeting new people in a big city?,"['Profession', 'Emotional State', 'Age', 'Mental Health Status', 'Marital Status']",5
Is it normal to feel completely lost and like everything is falling apart in my mid-20s?,"['Emotional State', 'Mental Health Status']",2
Is it normal not to have a best friend?,['Emotional State'],1
How do I overcome my anxiety and become more confident?,"['Emotional State', 'Mental Health Status', 'Past Self-Harm History', 'Age', 'Health Status']",5
How can I get out of the mindset of being bullied and overcome my fear of encountering people from high school in public?,"['Emotional State', 'Mental Health Status', 'Past Self-Harm History']",3
What advice can you give for feeling like nobody likes me and struggling to talk to someone I like?,"['Emotional State', 'Mental Health Status']",2
How can I overcome my feelings of loneliness and isolation in a new country?,"['Emotional State', 'Mental Health Status', 'Marital Status', 'Past Self-Harm History']",4
How can I become more interesting and learn to talk to people to save my relationship?,"['Education Level', 'Emotional State', 'Mental Health Status', 'Age', 'Marital Status']",5
How can I form meaningful relationships with friends or significant others?,"['Marital Status', 'Emotional State', 'Mental Health Status', 'Past Self-Harm History']",4
How can I overcome my feelings of inadequacy due to my height and improve my dating life?,"['Emotional State', 'Mental Health Status', 'Profession', 'Marital Status', 'Education Level']",5
How should I get closer to her?,"['Marital Status', 'Emotional State', 'Past Self-Harm History', 'Age', 'Mental Health Status']",5
How can I overcome my social anxiety and make friends?,"['Emotional State', 'Mental Health Status', 'Age', 'Marital Status', 'Past Self-Harm History']",5
How can I improve my social skills and behavior to avoid turning people away?,"['Emotional State', 'Mental Health Status', 'Marital Status', 'Past Self-Harm History']",4
Should I try to limit my work schedule to help my social life?,"['Emotional State', 'Profession']",2
How can I stop feeling lonely and improve my chances of finding love?,"['Marital Status', 'Emotional State', 'Mental Health Status', 'Age', 'Past Self-Harm History']",5
How can I improve my ability to engage in conversations with attractive women and overcome my anxiety?,"['Emotional State', 'Mental Health Status', 'Past Self-Harm History', 'Age', 'Profession']",5
Do you have any tips on how to express my feelings better to other people?,"['Emotional State', 'Marital Status', 'Profession']",3
What would you suggest me to do to change the things the way they are to get more friends and relationships and be more connected with other people?,"['Emotional State', 'Mental Health Status', 'Profession', 'Age', 'Marital Status']",5
How can I retrain my brain to be kinder to myself after social events?,"['Emotional State', 'Mental Health Status']",2
How can I initiate friendships when people seem more friendly towards me lately?,['Emotional State'],1
How can I express my discomfort about birthday celebrations to others?,['Emotional State'],1
What steps do I take to stop all of this and find self-worth?,"['Emotional State', 'Mental Health Status', 'Past Self-Harm History', 'Age', 'Profession', 'Education Level']",6
Do you have any advice on whether it would be weird to ask a guy I haven't talked to in years to grab a beer when I return to my hometown?,"['Emotional State', 'Mental Health Status']",2
How can I be less awkward or come off less standoffish?,"['Emotional State', 'Mental Health Status', 'Age', 'Profession']",4
How can I improve my self-esteem and stop hating myself?,"['Emotional State', 'Mental Health Status', 'Past Self-Harm History', 'Age', 'Profession']",5
How can I get over her and start approaching other girls?,"['Emotional State', 'Mental Health Status', 'Past Self-Harm History']",3
How can I gain confidence?,['Emotional State'],1
Why am I unable to get a girlfriend despite my efforts?,"['Emotional State', 'Marital Status', 'Past Self-Harm History', 'Age', 'Mental Health Status', 'Profession', 'Gender']",7
Does anyone else just feel really weak or self-conscious when around athletes or people with better bodies?,"['Emotional State', 'Mental Health Status', 'Past Self-Harm History']",3
What should I do? Are the problems with me? With them? I need concrete advice on how to manage this situation.,['Emotional State'],1
Any idea or advice on what I should do about attending the small house party?,"['Emotional State', 'Mental Health Status', 'Profession', 'Age']",4
What should I do when I find myself not wanting to be social around others?,['Emotional State'],1
What are some tips on showing feelings to create stronger relationships?,"['Emotional State', 'Mental Health Status', 'Age']",3
How do I go about getting a girlfriend given my situation?,"['Emotional State', 'Mental Health Status', 'Age', 'Marital Status', 'Past Self-Harm History']",5
What should I do to manage my anxiety about attending a show alone for the first time?,"['Emotional State', 'Mental Health Status']",2
How do I learn basic social skills at age 31?,['Emotional State'],1
How can I be myself and get along with coworkers who are a different age?,"['Age', 'Emotional State', 'Profession']",3
Why do people seem to instantly dislike me or come to dislike me after meeting me a few times?,['Emotional State'],1
How can I improve my friendships so that my friends reach out to me more often?,"['Emotional State', 'Marital Status', 'Mental Health Status']",3
Is it wrong to not want to talk to him?,"['Emotional State', 'Age', 'Mental Health Status', 'Marital Status', 'Past Self-Harm History']",5
Is this something I can fix with meds or have I officially just gone mad?,"['Mental Health Status', 'Emotional State', 'Past Self-Harm History', 'Health Status']",4
What are the best ways to invite classmates to become friends?,"['Age', 'Emotional State', 'Profession', 'Education Level', 'Mental Health Status']",5
Is there any way I can try to reverse this and try to regain my confidence in talking to people and regain my social skills in general?,"['Mental Health Status', 'Emotional State']",2
How can I effectively handle the roleplay scenarios in a customer support interview when I have limited information?,['Emotional State'],1
Am I being too sensitive about my friendship with Jade?,"['Emotional State', 'Mental Health Status', 'Marital Status', 'Past Self-Harm History']",4
What are good ways to build self esteem?,"['Mental Health Status', 'Emotional State', 'Education Level']",3
"How can I improve my self-esteem and social anxiety, and make friends?","['Mental Health Status', 'Emotional State']",2
How can I practice my social skills while going out alone without feeling anxious or awkward?,"['Emotional State', 'Mental Health Status']",2
How can I be a better conversationalist and a more interesting human being overall?,"['Education Level', 'Emotional State', 'Mental Health Status', 'Age']",4
"Is there any way I can let her know that she's hurting us and herself, without making her feel like she should just shut up and not talk about her problems?",['Emotional State'],1
How can I expand my social circle and meet new people without feeling guilty about neglecting my existing friends and family commitments?,"['Emotional State', 'Marital Status', 'Age', 'Profession']",4
How can I be less clingy and anxious when talking to girls?,"['Emotional State', 'Mental Health Status', 'Past Self-Harm History']",3
What indicators would a member of the female gender give if she were interested in something beyond platonic friendship?,"['Emotional State', 'Mental Health Status', 'Age', 'Marital Status']",4
Is it too late to start trying to be social at work after being silent for the past 3 months?,"['Emotional State', 'Mental Health Status']",2
"How can I help myself get out of my head when speaking to people, and just say what I want and need to say?","['Emotional State', 'Mental Health Status', 'Education Level']",3
How can I make and maintain friendships as an adult with social interaction challenges?,"['Emotional State', 'Mental Health Status', 'Age']",3
How do I reject someone's advances in a work setting and is my behavior inappropriate in these situations?,['Profession'],1
How do you actually talk to people when you're feeling anxious?,"['Emotional State', 'Past Self-Harm History', 'Health Status']",3
What should I have done or do in the future when something like this happens again?,"['Past Self-Harm History', 'Mental Health Status', 'Age', 'Profession', 'Emotional State']",5
How can I approach girls?,[],0
How do I stop fixating on the fact Iâ€™ve no experience with girls and being afraid of someone saying yes?,"['Emotional State', 'Mental Health Status', 'Past Self-Harm History']",3
How can I get a girlfriend when I don't see any romantic opportunities?,"['Emotional State', 'Mental Health Status', 'Age', 'Marital Status', 'Profession']",5
How do I command respect from people who are better than me and not be walked on by my long-distance girlfriend who barely talks to me but still takes my money?,"['Emotional State', 'Mental Health Status', 'Marital Status', 'Past Self-Harm History', 'Profession']",5
Has anyone experienced something similar? Does anyone have any advice on why people that get to know me don't like me?,['Emotional State'],1
How can I start building new social connections in the Charleston area as a homeschooled senior who is struggling with isolation?,"['Age', 'Education Level', 'Emotional State']",3
How can I stop coming off as intimidating to others?,"['Emotional State', 'Mental Health Status', 'Profession', 'Age']",4
How can I overcome my fear of talking to people and improve my communication skills?,"['Emotional State', 'Mental Health Status', 'Education Level', 'Health Status']",4
How can I have more social interactions?,['Emotional State'],1
How can I stop being a jerk and put my past actions to rest?,"['Mental Health Status', 'Past Self-Harm History', 'Age', 'Profession', 'Emotional State']",5
How can I make new friends in a college setting despite my anxiety and Aspergers?,"['Education Level', 'Emotional State', 'Profession', 'Age', 'Mental Health Status']",5
How do I talk to a girl I never talked to?,"['Emotional State', 'Age', 'Gender', 'Marital Status', 'Education Level']",5
Is there any way or exercise to overcome this?,"['Emotional State', 'Past Self-Harm History', 'Health Status', 'Mental Health Status', 'Profession']",5
How should I deal with my male friend who makes hurtful jokes about my body?,"['Emotional State', 'Mental Health Status', 'Age', 'Profession', 'Marital Status']",5
What can I do to feel like I belong in my social group at university?,"['Emotional State', 'Mental Health Status', 'Marital Status', 'Age', 'Past Self-Harm History']",5
Should I get on anti-anxiety meds?,"['Emotional State', 'Health Status', 'Past Self-Harm History', 'Age', 'Mental Health Status']",5
How can I text and connect with other young guys and not feel like I'm annoying them?,"['Age', 'Emotional State', 'Mental Health Status', 'Profession', 'Past Self-Harm History']",5
Why do I always get attracted to someone who will never reciprocate my feelings?,"['Emotional State', 'Mental Health Status', 'Past Self-Harm History']",3
How can I make friends when I'm struggling with social anxiety and past negative experiences?,"['Past Self-Harm History', 'Emotional State', 'Age', 'Mental Health Status', 'Marital Status', 'Profession']",6
How can I temporarily cope with my social anxiety to pass my classes and graduate college?,"['Emotional State', 'Mental Health Status', 'Education Level', 'Health Status']",4
How can I manage this situation with my job where I feel stressed and forced into a position I don't want?,"['Profession', 'Emotional State']",2
Should I speak to my friends about being disappointed with their reaction to my panic attack?,"['Emotional State', 'Mental Health Status']",2
How can I cope with constantly being left out and feeling wrongly judged?,"['Emotional State', 'Mental Health Status', 'Past Self-Harm History', 'Age', 'Profession']",5
How can I become more accepted and involved in my social group?,"['Marital Status', 'Emotional State', 'Mental Health Status', 'Age']",4
How can I practically go out more and change my mindset to feel less lonely?,"['Emotional State', 'Mental Health Status']",2
How can I manage my anxiety when talking to people?,"['Emotional State', 'Mental Health Status']",2
What can I do to express emotions more effectively in my speech and facial expressions?,"['Emotional State', 'Education Level', 'Profession']",3
Would therapy really help?,"['Mental Health Status', 'Past Self-Harm History']",2
"How can I stop this behavior, or manage my anxiety/guilt response over not being able to prevent all bad things that might happen to people I love?",['Emotional State'],1
What can I do about feeling intimidated by other guys my age and being so lonely?,"['Emotional State', 'Mental Health Status', 'Age', 'Marital Status', 'Past Self-Harm History']",5
How can I make friends in my first year at university when I don't really have the motivation and feel content being alone?,"['Emotional State', 'Mental Health Status']",2
How can I manage my anxiety for my upcoming date?,"['Emotional State', 'Mental Health Status']",2
"As a single guy, how do you even approach a girl if sheâ€™s with 3 of her friends?","['Emotional State', 'Age', 'Profession', 'Marital Status', 'Mental Health Status']",5
Does it sound like I have a chance with the guy I like at work?,"['Emotional State', 'Profession', 'Mental Health Status', 'Age', 'Marital Status']",5
"How do I get new friends when I'm broke and socially anxious? And if that's not possible, how do I work through these feelings of being alone and wanting new connections?",['Mental Health Status'],1
Any advice on why she hasn't accepted my Snapchat request and if I should be concerned about making her uncomfortable?,"['Emotional State', 'Marital Status', 'Gender', 'Age']",4
Am I doing something wrong in approaching and maintaining conversations at social events?,['Emotional State'],1
"Should I start going out now and looking for a girlfriend, or wait until I'm 25?","['Age', 'Emotional State', 'Economic Status', 'Profession', 'Marital Status']",5
How can I become more confident and increase my social skills?,"['Emotional State', 'Profession']",2
Am I doomed to settle with someone I hate out of fear of loneliness?,"['Emotional State', 'Mental Health Status', 'Marital Status', 'Past Self-Harm History']",4
How can I be a fun person to be around and maintain my new social circle?,"['Emotional State', 'Mental Health Status', 'Profession', 'Marital Status']",4
How can I make new friends while feeling incompatible with my current group?,"['Emotional State', 'Profession', 'Mental Health Status', 'Age', 'Marital Status']",5
How can I improve my social skills after isolating myself due to depression?,"['Mental Health Status', 'Emotional State']",2
"How can I have a healthy balance between self-improvement and making meaningful friendships, and am I socializing with the wrong people?","['Emotional State', 'Mental Health Status']",2
How can I better understand and navigate my social interactions given my Asperger's?,"['Mental Health Status', 'Emotional State', 'Age', 'Education Level']",4
Why have I never had any relationship experience despite trying to engage with women through social settings and online dating?,"['Marital Status', 'Emotional State', 'Past Self-Harm History', 'Age', 'Mental Health Status', 'Profession']",6
"Should I ask this girl if I can sleep at her house after the concert, or would that be too intrusive?","['Gender', 'Emotional State', 'Age', 'Marital Status', 'Profession']",5
How can I make new friends outside my class?,"['Age', 'Emotional State']",2
Do you have tips on how I could go about making 'work' friends into 'real' friends?,"['Profession', 'Emotional State']",2
How can I stop feeling annoying and improve my relationship with my husband?,"['Emotional State', 'Mental Health Status', 'Marital Status', 'Past Self-Harm History']",4
How do I approach a guy I have a crush on when we have never talked?,"['Emotional State', 'Age', 'Marital Status', 'Past Self-Harm History']",4
Does anyone have any thoughts or advice on how I can be more sociable with my coworkers?,"['Emotional State', 'Mental Health Status', 'Marital Status', 'Education Level']",4
How can I normally talk to the 17-year old intern when I have changed my working habits?,"['Age', 'Emotional State', 'Education Level', 'Health Status']",4
How can I stop obsessing over relationships?,"['Emotional State', 'Mental Health Status', 'Past Self-Harm History', 'Marital Status']",4
What are some tips or suggestions that might help with social anxiety?,"['Emotional State', 'Past Self-Harm History', 'Health Status']",3
Is disclosing these anxieties and being vulnerable a good way to open up and get my honest point across or is that super off-putting?,[],0
How can I address the feeling that no one really knows the real me due to my social anxiety?,"['Emotional State', 'Mental Health Status', 'Past Self-Harm History', 'Age', 'Marital Status']",5
How can I escape this cycle of suicidal depression and anxiety?,"['Emotional State', 'Past Self-Harm History', 'Health Status', 'Mental Health Status', 'Profession']",5
What can I do to manage my anxiety about sharing personal information at work?,"['Emotional State', 'Mental Health Status']",2
What can I do to find motivation and reasons to keep going when I'm scared to make changes and nothing seems to help?,"['Emotional State', 'Mental Health Status']",2
How can I deal with my anxiety about talking about myself?,"['Emotional State', 'Mental Health Status', 'Past Self-Harm History']",3
How can I handle the anxiety and panic after accidentally giving bad advice to a friend about a work meeting?,"['Emotional State', 'Mental Health Status']",2
How can I overcome my social anxiety to make friends and talk to girls?,"['Emotional State', 'Mental Health Status', 'Age', 'Marital Status', 'Past Self-Harm History']",5
"What is the point of living when my mental health is hindering my ability to live a normal, happy, and healthy life?",['Mental Health Status'],1
"Are paid public speaking classes any good for overcoming my issues with public speaking, or is it too much too soon?","['Emotional State', 'Health Status', 'Profession', 'Education Level', 'Age']",5
"How do I stop caring about how my body looks, or lose weight?","['Emotional State', 'Mental Health Status', 'Health Status', 'Past Self-Harm History']",4
How can I determine if I am socially anxious or just shy?,"['Emotional State', 'Mental Health Status', 'Age', 'Past Self-Harm History']",4
What would be the right way for me to act so I'll learn again to attract people around me and just feel natural around them?,"['Emotional State', 'Mental Health Status', 'Profession', 'Marital Status', 'Age']",5
How can I overcome my mental health issues and improve my self-esteem to start dating?,"['Mental Health Status', 'Emotional State', 'Past Self-Harm History', 'Age', 'Profession', 'Marital Status', 'Education Level']",7
How can I manage my anxiety about feeling like I smell bad despite reassurance from others?,"['Emotional State', 'Mental Health Status', 'Past Self-Harm History']",3
How can I overcome my anxiety about getting a haircut and shave?,"['Emotional State', 'Mental Health Status', 'Past Self-Harm History']",3
What can I do to manage my severe social anxiety and learn to live independently?,"['Emotional State', 'Mental Health Status', 'Past Self-Harm History']",3
What should I do about my nervousness around my girlfriend and whether I like her or not?,"['Emotional State', 'Mental Health Status']",2
"Has anyone suffered from these symptoms as well? And if so, what can I do to improve my confidence or stop these symptoms from happening?","['Emotional State', 'Mental Health Status', 'Past Self-Harm History', 'Age']",4
"How can I cope with feeling overwhelmed by anxiety, family, social, financial, and academic issues?","['Emotional State', 'Mental Health Status', 'Age', 'Profession']",4
How can I get some encouragement to keep going with my new job?,"['Emotional State', 'Mental Health Status']",2
How can I manage my anxiety and nervousness about being judged as wealthy at work?,"['Mental Health Status', 'Emotional State']",2
Is it possible to deal with severe social anxiety on your own or is seeking professional help the best way to go?,"['Emotional State', 'Mental Health Status']",2
How do you cope with your anxiety?,"['Emotional State', 'Mental Health Status', 'Past Self-Harm History', 'Health Status']",4
How can I cope with returning to university feeling unprepared and anxious?,"['Emotional State', 'Mental Health Status']",2
"Can drug and weed use cause social anxiety and depression, and if I stop, will these illnesses gradually disappear?","['Emotional State', 'Health Status', 'Past Self-Harm History']",3
How can I improve my socializing skills at my new job to avoid losing it?,"['Profession', 'Emotional State']",2
What can I do to manage my anxiety about being perceived as rich?,['Economic Status'],1
How can I cope with my anxiety about going to school?,"['Emotional State', 'Mental Health Status', 'Past Self-Harm History']",3
How can I overcome my fear of seeing people I know at the gym so I can work out?,"['Emotional State', 'Past Self-Harm History', 'Age', 'Mental Health Status']",4
What can I do to manage my anxiety about being judged as rich?,['Economic Status'],1
What can I do to manage my anxiety and nervousness about talking about myself at work?,"['Emotional State', 'Mental Health Status']",2
What can I do to handle my nervousness and improve my performance during job interviews?,['Emotional State'],1
Am I just genetically inferior?,"['Mental Health Status', 'Education Level', 'Emotional State']",3
"How can I overcome my anxiety about talking about myself, especially at work?","['Emotional State', 'Mental Health Status', 'Profession']",3
Does anyone have any tips for involuntary muscle spasms/tics/jerks?,"['Health Status', 'Past Self-Harm History', 'Emotional State']",3
How can I find a new job that doesn't involve customer service while managing my anxiety?,"['Mental Health Status', 'Emotional State']",2
"Anybody else didn't follow the 'obvious' route in their career, schooling etc. because of their SA? How were your experiences?","['Education Level', 'Profession', 'Emotional State', 'Age', 'Mental Health Status', 'Gender', 'Marital Status', 'Economic Status', 'Health Status', 'Past Self-Harm History']",10
How can I overcome my anxiety about interacting with new people?,"['Emotional State', 'Past Self-Harm History', 'Health Status', 'Age', 'Profession']",5
How do you handle first dates?,"['Emotional State', 'Mental Health Status', 'Profession', 'Marital Status', 'Age', 'Past Self-Harm History']",6
How can I handle my nervousness and stuttering when talking to people?,"['Emotional State', 'Mental Health Status', 'Past Self-Harm History', 'Profession']",4
How to conquer dating anxiety?,"['Emotional State', 'Past Self-Harm History', 'Age', 'Mental Health Status', 'Profession']",5
"Where do I fall within the black community, and how do I cope with these feelings of exclusion and low self-worth?","['Emotional State', 'Mental Health Status', 'Past Self-Harm History', 'Age', 'Profession', 'Gender', 'Marital Status', 'Economic Status']",8
"Does anyone have any advice for dealing with social anxiety, particularly when interacting with the opposite sex?","['Emotional State', 'Marital Status', 'Gender', 'Age']",4
Where do I go from here?,"['Age', 'Emotional State', 'Marital Status', 'Mental Health Status', 'Profession', 'Education Level', 'Health Status', 'Gender', 'Economic Status']",9
What can I do to handle my anxiety about talking about myself when I'm at work or traveling?,"['Emotional State', 'Mental Health Status']",2
"Do you work? If yes, what kind of job do you have?",['Profession'],1
Could someone give me a response or share similar experiences that have been resolved?,"['Emotional State', 'Past Self-Harm History', 'Age', 'Marital Status']",4
"Have you found it worth it to take Gabapentin for the long run? Have you noticed long term cognitive, or other problems?","['Health Status', 'Mental Health Status', 'Economic Status', 'Emotional State']",4
What should I do about the social anxiety affecting my job prospects and personal life?,"['Mental Health Status', 'Profession', 'Emotional State']",3
How can I manage my anxiety to keep a job and handle everyday situations?,"['Emotional State', 'Mental Health Status']",2
How can I stop being so nervous all the time?,"['Emotional State', 'Mental Health Status', 'Past Self-Harm History', 'Health Status', 'Age']",5
What should I do after feeling sick and embarrassed while exercising with my father and other athletes?,"['Emotional State', 'Health Status']",2
Has anyone who's been in similar situations advise any tips for how to combat this and take small steps? Would medication help take the edge off (keeping in mind side effects)?,"['Mental Health Status', 'Health Status']",2
"Can children have anxiety or depression, and how can we detect and address it?","['Emotional State', 'Age', 'Education Level']",3
How can I ensure I have full control over my SA while I transition smoothly into adulthood?,"['Age', 'Mental Health Status', 'Emotional State', 'Profession', 'Education Level']",5
Has anyone ever experienced this or similar symptoms and can provide advice?,"['Past Self-Harm History', 'Mental Health Status']",2
How can I overcome my fear of social interactions and loneliness?,"['Emotional State', 'Mental Health Status', 'Past Self-Harm History', 'Age', 'Marital Status']",5
How can I improve my self-esteem and communication skills to connect better at work?,"['Mental Health Status', 'Education Level', 'Profession']",3
How can I deal with my suicidal thoughts caused by social anxiety around girls?,"['Emotional State', 'Past Self-Harm History', 'Marital Status', 'Mental Health Status', 'Age']",5
Does anybody have any recommendations on how I can solve my anxiety in social relationships?,"['Emotional State', 'Mental Health Status', 'Past Self-Harm History']",3
How can I deal with my anxiety and the condition I'm in after meeting someone new at university?,"['Emotional State', 'Mental Health Status', 'Age', 'Past Self-Harm History', 'Education Level']",5
How can I stop caring about what other people think of me?,"['Emotional State', 'Mental Health Status', 'Profession']",3
How do I get myself going and face my fears of making mistakes while starting a new job?,"['Emotional State', 'Mental Health Status', 'Age', 'Past Self-Harm History']",4
Does anyone have tips on how to deal with social anxiety and an eating disorder while managing school stress?,"['Mental Health Status', 'Education Level', 'Emotional State']",3
How do I stop 'mind black-out' when talking to people?,"['Mental Health Status', 'Emotional State', 'Past Self-Harm History', 'Age']",4
Any tips for dealing with social anxiety in class?,"['Emotional State', 'Mental Health Status', 'Age', 'Health Status']",4
How can I deal with my fear of people and panic attacks in public?,"['Emotional State', 'Past Self-Harm History', 'Health Status', 'Mental Health Status']",4
How can I overcome my anxiety about interacting with people I don't know well?,"['Emotional State', 'Mental Health Status', 'Past Self-Harm History', 'Age']",4
How can I get a job if I'm socially anxious?,"['Emotional State', 'Mental Health Status', 'Profession', 'Economic Status']",4
How can I improve my social skills quickly for giving presentations during my internship?,"['Education Level', 'Profession', 'Emotional State']",3
How do I get people to Snapchat me?,"['Age', 'Marital Status', 'Profession', 'Emotional State', 'Mental Health Status']",5
What is the connection between realistic video game addiction and anxiety?,"['Age', 'Emotional State', 'Education Level', 'Health Status', 'Mental Health Status']",5
How can I make a resume when I have no job experience?,['Education Level'],1
Do I have social anxiety?,"['Emotional State', 'Mental Health Status', 'Past Self-Harm History', 'Age']",4
Does anyone else feel forgettable? Does anyone else feel literal exhaustion/headaches when in social situations for too long?,"['Mental Health Status', 'Health Status']",2
Is there anyone who may know how I can help my dad overcome his social anxiety?,"['Mental Health Status', 'Emotional State']",2
What should I do to improve my life and become more social?,"['Emotional State', 'Mental Health Status', 'Age', 'Marital Status', 'Past Self-Harm History', 'Education Level']",6
How can I overcome my social anxiety to successfully interview and secure a job in accounting?,"['Education Level', 'Mental Health Status', 'Emotional State', 'Past Self-Harm History']",4
How can I handle the job interview and overcome my anxiety about speaking to people and answering questions?,"['Emotional State', 'Mental Health Status', 'Profession']",3
What can I do to change my life and get out of this situation?,"['Emotional State', 'Mental Health Status', 'Profession', 'Age', 'Economic Status']",5
How do I curtail this social anxiety?,"['Emotional State', 'Mental Health Status', 'Health Status', 'Age', 'Past Self-Harm History']",5
Should I tell her that I want to speak with her?,"['Emotional State', 'Age']",2
What do I do to behave normally around pretty girls?,"['Emotional State', 'Mental Health Status', 'Profession', 'Marital Status']",4
"Is it possible to get disability or SSI or whatever if you have social anxiety? Also if I did get it, is there a possibility it could be taken away?",['Mental Health Status'],1
Any tips with being able to invite a girl to my party despite my anxiety?,[],0
How can I improve my communication skills and manage my anxiety to have better relationships?,"['Emotional State', 'Mental Health Status']",2
How can I cope with the anger and frustration towards my father who has been verbally abusive and manipulative?,"['Emotional State', 'Past Self-Harm History', 'Mental Health Status', 'Marital Status']",4
How can I overcome my social anxiety to make new friends and establish deep connections?,[],0
How can I solve my stuttering problems?,"['Emotional State', 'Mental Health Status', 'Health Status', 'Past Self-Harm History', 'Profession']",5
Do I have social anxiety?,"['Emotional State', 'Mental Health Status', 'Past Self-Harm History', 'Age']",4
How can I handle my inconsiderate roommate who vapes and smokes weed in the apartment?,"['Emotional State', 'Mental Health Status', 'Past Self-Harm History']",3
How can I manage my social anxiety to prevent it from affecting my work performance?,"['Emotional State', 'Mental Health Status']",2
Any advice on dealing with anxiety for a presentation?,"['Emotional State', 'Mental Health Status', 'Age', 'Health Status']",4
How should I proceed from now if I see her or cross paths?,"['Emotional State', 'Age', 'Gender', 'Marital Status', 'Mental Health Status', 'Past Self-Harm History']",6
What type of mental health professional should I look for?,"['Emotional State', 'Mental Health Status', 'Profession', 'Age']",4
"Does anyone have any tips for how to navigate this? Anything that can help me get through this and, if I get another interview, work through it successfully?",['Emotional State'],1
What can I do to overcome my fear of working and improve my life situation?,"['Profession', 'Mental Health Status']",2
How can I deal with anxiety about meeting a girl at school after a weird experience?,"['Emotional State', 'Past Self-Harm History', 'Health Status', 'Age', 'Mental Health Status']",5
Am I at a dead end?,"['Age', 'Mental Health Status', 'Emotional State', 'Past Self-Harm History', 'Marital Status']",5
What shall I do to resolve feelings of isolation and form meaningful social connections at work?,"['Mental Health Status', 'Marital Status', 'Emotional State', 'Age', 'Profession']",5
How can I make this living situation better while dealing with anxiety and discomfort around strangers?,"['Emotional State', 'Mental Health Status']",2
How is it that some people mistreat others and still find someone to love them?,"['Emotional State', 'Mental Health Status', 'Past Self-Harm History', 'Marital Status', 'Profession', 'Age']",6
What should I say to my professor about my social anxiety preventing me from joining a group for a key class project?,"['Emotional State', 'Mental Health Status']",2
How can I overcome my social anxiety to find a job and become more independent?,"['Mental Health Status', 'Emotional State', 'Education Level', 'Past Self-Harm History']",4
How do I make real life interesting or better?,"['Emotional State', 'Mental Health Status', 'Profession', 'Economic Status']",4
Is it okay to make the life choice of being alone and living the rest of my life in solitude?,"['Mental Health Status', 'Emotional State', 'Marital Status']",3
"Is social anxiety going to go away when I get older? If not, what should I do?","['Age', 'Emotional State', 'Mental Health Status']",3
What can I do to stop feeling like people think I'm a creep?,"['Emotional State', 'Mental Health Status']",2
How should I handle my anxiety about going on a date after a long time?,"['Emotional State', 'Mental Health Status', 'Past Self-Harm History', 'Age']",4
What the hell are we afraid of?,"['Emotional State', 'Mental Health Status', 'Past Self-Harm History']",3
Could the possibility of being gay and in the closet and the lack of sexual/physical contact with gay men be greatly responsible for my being extremely anxious in social situations?,"['Emotional State', 'Mental Health Status', 'Gender', 'Past Self-Harm History']",4
How can I overcome my social anxiety and start making friends in a new place?,"['Emotional State', 'Mental Health Status', 'Profession', 'Age', 'Past Self-Harm History', 'Education Level']",6
How can I overcome social anxiety (SA) from past experiences in school?,"['Emotional State', 'Past Self-Harm History', 'Age', 'Health Status', 'Profession']",5
Why do I struggle to approach people?,"['Emotional State', 'Mental Health Status', 'Age', 'Profession', 'Education Level']",5
How can I manage my anxiety about presenting a project in front of my classmates?,"['Emotional State', 'Mental Health Status']",2
How can I manage my public speaking anxiety?,"['Emotional State', 'Mental Health Status', 'Age', 'Past Self-Harm History', 'Health Status']",5
What should I do with my life as a marketing major who lacks social skills?,"['Emotional State', 'Profession', 'Education Level', 'Age']",4
How can I make friends at university and feel less alone?,"['Education Level', 'Age', 'Mental Health Status', 'Emotional State', 'Marital Status']",5
How do you handle having to speak in front of a large group?,"['Emotional State', 'Mental Health Status', 'Age', 'Education Level', 'Health Status']",5
What should I say when I walk into my job interview to avoid coming off as awkward?,['Profession'],1
Anyone have any tips and advice on how to become less socially awkward when it comes to talking to the opposite sex?,"['Emotional State', 'Education Level', 'Age', 'Mental Health Status']",4
Does anyone have tips for dating with social anxiety?,"['Emotional State', 'Past Self-Harm History', 'Age', 'Marital Status']",4
How can I find friends when I'm out of school?,"['Education Level', 'Age', 'Profession', 'Emotional State', 'Mental Health Status']",5
How can I manage my anxiety about meeting a professor?,"['Emotional State', 'Mental Health Status', 'Past Self-Harm History']",3
How can I manage my social anxiety around clients at my new job?,"['Emotional State', 'Mental Health Status', 'Profession']",3
How can I manage my social anxiety and feelings of hopelessness?,"['Emotional State', 'Mental Health Status', 'Past Self-Harm History']",3
Is it weird to not hang out with people and to almost always be by yourself?,"['Emotional State', 'Mental Health Status']",2
What could I do to stop feeling envious of everyone having friends and improve my social interactions?,"['Emotional State', 'Mental Health Status']",2
How can I manage my anxiety in social situations?,"['Emotional State', 'Mental Health Status', 'Past Self-Harm History']",3
"How can I manage my anxiety to handle the move and associated tasks, such as updating my pets' vaccinations and making phone calls?","['Emotional State', 'Mental Health Status']",2
Am I a recluse because of my situation since I donâ€™t often get the opportunity to go out?,"['Emotional State', 'Mental Health Status', 'Marital Status', 'Age', 'Past Self-Harm History']",5
How can I overcome social anxiety and become more open in social situations?,"['Emotional State', 'Mental Health Status', 'Past Self-Harm History', 'Age']",4
Any advice on how to meet new people outside of work?,"['Emotional State', 'Marital Status', 'Profession', 'Age', 'Mental Health Status']",5
What should I do to not die being lonely and antisocial?,"['Emotional State', 'Mental Health Status', 'Marital Status', 'Age', 'Past Self-Harm History', 'Health Status']",6
What the fuck am I so afraid of?,"['Emotional State', 'Past Self-Harm History', 'Mental Health Status', 'Age', 'Gender']",5
